{"type":"FeatureCollection","pulso":{"source":"microsoft_ai_for_good","sourceLabel":"Microsoft AI for Good Lab","dataset":"colombia-2026-earthquake-pereira","sourceUrl":"https://data.humdata.org/dataset/colombia-2026-earthquake-pereira","method":"modelo","sensor":"Vantor","imageryDate":"2026-08-12","municipality":"PEREIRA","divipola":"66001","license":"CC BY 4.0","attribution":"Microsoft AI for Good Lab, CC BY 4.0"},"features":[{"type":"Feature","geometry":{"type":"Point","coordinates":[-75.69291568349969,4.803541317000386]},"properties":{"externalId":"msft-pereira-google_4648732","damageLevel":"dano","rawLabel":"damaged","fieldValidated":false,"rawEventCode":null,"modelScore":0.4026548672566372}},{"type":"Feature","geometry":{"type":"Point","coordinates":[-75.69256068928244,4.803155949823378]},"properties":{"externalId":"msft-pereira-google_4648826","damageLevel":"dano","rawLabel":"damaged","fieldValidated":false,"rawEventCode":null,"modelScore":0.14337568058076225}},{"type":"Feature","geometry":{"type":"Point","coordinates":[-75.6931789955016,4.803263785501342]},"properties":{"externalId":"msft-pereira-google_4648831","damageLevel":"dano","rawLabel":"damaged","fieldValidated":false,"rawEventCode":null,"modelScore":0.144}},{"type":"Feature","geometry":{"type":"Point","coordinates":[-75.69285288771368,4.80340781404149]},"properties":{"externalId":"msft-pereira-google_4648838","damageLevel":"dano","rawLabel":"damaged","fieldValidated":false,"rawEventCode":null,"modelScore":0.7386581469648562}},{"type":"Feature","geometry":{"type":"Point","coordinates":[-75.69255506606935,4.803325125855602]},"properties":{"externalId":"msft-pereira-google_4648849","damageLevel":"dano","rawLabel":"damaged","fieldValidated":false,"rawEventCode":null,"modelScore":0.29683698296836986}},{"type":"Feature","geometry":{"type":"Point","coordinates":[-75.69329069200008,4.798429652999928]},"properties":{"externalId":"msft-pereira-google_4649276","damageLevel":"dano","rawLabel":"damaged","fieldValidated":false,"rawEventCode":null,"modelScore":0.12385321100917432}},{"type":"Feature","geometry":{"type":"Point","coordinates":[-75.69323658750008,4.798422774500631]},"properties":{"externalId":"msft-pereira-google_4649278","damageLevel":"dano","rawLabel":"damaged","fieldValidated":false,"rawEventCode":null,"modelScore":0.5036674816625917}},{"type":"Feature","geometry":{"type":"Point","coordinates":[-75.69315284550025,4.798511886999731]},"properties":{"externalId":"msft-pereira-google_4649280","damageLevel":"dano","rawLabel":"damaged","fieldValidated":false,"rawEventCode":null,"modelScore":0.24408014571949}},{"type":"Feature","geometry":{"type":"Point","coordinates":[-75.692626190046,4.807243082728912]},"properties":{"externalId":"msft-pereira-google_4649340","damageLevel":"dano","rawLabel":"damaged","fieldValidated":false,"rawEventCode":null,"modelScore":0.35353535353535354}},{"type":"Feature","geometry":{"type":"Point","coordinates":[-75.69249292400072,4.807287339001187]},"properties":{"externalId":"msft-pereira-google_4649344","damageLevel":"dano","rawLabel":"damaged","fieldValidated":false,"rawEventCode":null,"modelScore":0.5367132867132867}},{"type":"Feature","geometry":{"type":"Point","coordinates":[-75.69248094200015,4.808686742502949]},"properties":{"externalId":"msft-pereira-google_4649345","damageLevel":"dano","rawLabel":"damaged","fieldValidated":false,"rawEventCode":null,"modelScore":0.2731535756154748}},{"type":"Feature","geometry":{"type":"Point","coordinates":[-75.69244856968687,4.807462571717517]},"properties":{"externalId":"msft-pereira-google_4649349","damageLevel":"dano","rawLabel":"damaged","fieldValidated":false,"rawEventCode":null,"modelScore":0.4161290322580645}},{"type":"Feature","geometry":{"type":"Point","coordinates":[-75.69360834630352,4.814157579184698]},"properties":{"externalId":"msft-pereira-google_4649443","damageLevel":"dano","rawLabel":"damaged","fieldValidated":false,"rawEventCode":null,"modelScore":0.20887728459530025}},{"type":"Feature","geometry":{"type":"Point","coordinates":[-75.69354133600024,4.81426758900222]},"properties":{"externalId":"msft-pereira-google_4649447","damageLevel":"dano","rawLabel":"damaged","fieldValidated":false,"rawEventCode":null,"modelScore":0.35583333333333333}},{"type":"Feature","geometry":{"type":"Point","coordinates":[-75.69320033443279,4.814463421731823]},"properties":{"externalId":"msft-pereira-google_4649452","damageLevel":"dano","rawLabel":"damaged","fieldValidated":false,"rawEventCode":null,"modelScore":0.5557720409157331}},{"type":"Feature","geometry":{"type":"Point","coordinates":[-75.69400819350038,4.815361564500289]},"properties":{"externalId":"msft-pereira-google_4649465","damageLevel":"dano","rawLabel":"damaged","fieldValidated":false,"rawEventCode":null,"modelScore":0.15866558177379983}},{"type":"Feature","geometry":{"type":"Point","coordinates":[-75.69405816903853,4.814330823570493]},"properties":{"externalId":"msft-pereira-google_4649473","damageLevel":"dano","rawLabel":"damaged","fieldValidated":false,"rawEventCode":null,"modelScore":0.26732673267326734}},{"type":"Feature","geometry":{"type":"Point","coordinates":[-75.69281707626753,4.805848812047857]},"properties":{"externalId":"msft-pereira-google_4649914","damageLevel":"dano","rawLabel":"damaged","fieldValidated":false,"rawEventCode":null,"modelScore":0.6307893020221788}},{"type":"Feature","geometry":{"type":"Point","coordinates":[-75.69262184861854,4.805026990165771]},"properties":{"externalId":"msft-pereira-google_4649921","damageLevel":"dano","rawLabel":"damaged","fieldValidated":false,"rawEventCode":null,"modelScore":0.310580204778157}},{"type":"Feature","geometry":{"type":"Point","coordinates":[-75.69244465000025,4.805806700001522]},"properties":{"externalId":"msft-pereira-google_4649926","damageLevel":"dano","rawLabel":"damaged","fieldValidated":false,"rawEventCode":null,"modelScore":0.34472934472934474}},{"type":"Feature","geometry":{"type":"Point","coordinates":[-75.69285328750048,4.806629531006346]},"properties":{"externalId":"msft-pereira-google_4649968","damageLevel":"dano","rawLabel":"damaged","fieldValidated":false,"rawEventCode":null,"modelScore":0.8945147679324894}},{"type":"Feature","geometry":{"type":"Point","coordinates":[-75.69289356339719,4.806692066753357]},"properties":{"externalId":"msft-pereira-google_4649969","damageLevel":"dano","rawLabel":"damaged","fieldValidated":false,"rawEventCode":null,"modelScore":0.7183559084539934}},{"type":"Feature","geometry":{"type":"Point","coordinates":[-75.692993894113,4.808286107929505]},"properties":{"externalId":"msft-pereira-google_4649988","damageLevel":"dano","rawLabel":"damaged","fieldValidated":false,"rawEventCode":null,"modelScore":0.1755526657997399}},{"type":"Feature","geometry":{"type":"Point","coordinates":[-75.69315898315055,4.809752270949029]},"properties":{"externalId":"msft-pereira-google_4650004","damageLevel":"dano","rawLabel":"damaged","fieldValidated":false,"rawEventCode":null,"modelScore":0.21380632790028764}},{"type":"Feature","geometry":{"type":"Point","coordinates":[-75.69379462707674,4.809742960268275]},"properties":{"externalId":"msft-pereira-google_4650011","damageLevel":"dano","rawLabel":"damaged","fieldValidated":false,"rawEventCode":null,"modelScore":0.13355317394888705}},{"type":"Feature","geometry":{"type":"Point","coordinates":[-75.69378979577698,4.811485439472913]},"properties":{"externalId":"msft-pereira-google_4650028","damageLevel":"dano","rawLabel":"damaged","fieldValidated":false,"rawEventCode":null,"modelScore":1.0}},{"type":"Feature","geometry":{"type":"Point","coordinates":[-75.69388680550003,4.811499187500394]},"properties":{"externalId":"msft-pereira-google_4650029","damageLevel":"dano","rawLabel":"damaged","fieldValidated":false,"rawEventCode":null,"modelScore":1.0}},{"type":"Feature","geometry":{"type":"Point","coordinates":[-75.69407890364292,4.811575652306752]},"properties":{"externalId":"msft-pereira-google_4650030","damageLevel":"dano","rawLabel":"damaged","fieldValidated":false,"rawEventCode":null,"modelScore":0.21635220125786164}},{"type":"Feature","geometry":{"type":"Point","coordinates":[-75.69401360150007,4.811656093000299]},"properties":{"externalId":"msft-pereira-google_4650032","damageLevel":"dano","rawLabel":"damaged","fieldValidated":false,"rawEventCode":null,"modelScore":0.8235294117647058}},{"type":"Feature","geometry":{"type":"Point","coordinates":[-75.69391347680998,4.811351592421137]},"properties":{"externalId":"msft-pereira-google_4650037","damageLevel":"dano","rawLabel":"damaged","fieldValidated":false,"rawEventCode":null,"modelScore":0.5580865603644647}},{"type":"Feature","geometry":{"type":"Point","coordinates":[-75.69377529950003,4.805262825500716]},"properties":{"externalId":"msft-pereira-google_4650042","damageLevel":"dano","rawLabel":"damaged","fieldValidated":false,"rawEventCode":null,"modelScore":0.3153526970954357}},{"type":"Feature","geometry":{"type":"Point","coordinates":[-75.69329651300046,4.805230971998668]},"properties":{"externalId":"msft-pereira-google_4650059","damageLevel":"dano","rawLabel":"damaged","fieldValidated":false,"rawEventCode":null,"modelScore":0.43797856049004597}},{"type":"Feature","geometry":{"type":"Point","coordinates":[-75.69320641900059,4.805226952501021]},"properties":{"externalId":"msft-pereira-google_4650066","damageLevel":"dano","rawLabel":"damaged","fieldValidated":false,"rawEventCode":null,"modelScore":0.10395010395010396}},{"type":"Feature","geometry":{"type":"Point","coordinates":[-75.69376886457994,4.805312766271483]},"properties":{"externalId":"msft-pereira-google_4650082","damageLevel":"dano","rawLabel":"damaged","fieldValidated":false,"rawEventCode":null,"modelScore":0.9166666666666666}},{"type":"Feature","geometry":{"type":"Point","coordinates":[-75.6986033974999,4.785212306499886]},"properties":{"externalId":"msft-pereira-google_4651366","damageLevel":"dano","rawLabel":"damaged","fieldValidated":false,"rawEventCode":null,"modelScore":0.35909090909090907}},{"type":"Feature","geometry":{"type":"Point","coordinates":[-75.69639493549981,4.787303121000158]},"properties":{"externalId":"msft-pereira-google_4651377","damageLevel":"dano","rawLabel":"damaged","fieldValidated":false,"rawEventCode":null,"modelScore":0.19946091644204852}},{"type":"Feature","geometry":{"type":"Point","coordinates":[-75.694591463844,4.797795436666394]},"properties":{"externalId":"msft-pereira-google_4651437","damageLevel":"dano","rawLabel":"damaged","fieldValidated":false,"rawEventCode":null,"modelScore":0.12272089761570827}},{"type":"Feature","geometry":{"type":"Point","coordinates":[-75.69270009750167,4.79408873350073]},"properties":{"externalId":"msft-pereira-google_4651452","damageLevel":"dano","rawLabel":"damaged","fieldValidated":false,"rawEventCode":null,"modelScore":0.8573551263001485}},{"type":"Feature","geometry":{"type":"Point","coordinates":[-75.69264423905555,4.793992000898909]},"properties":{"externalId":"msft-pereira-google_4651453","damageLevel":"dano","rawLabel":"damaged","fieldValidated":false,"rawEventCode":null,"modelScore":0.36134453781512604}},{"type":"Feature","geometry":{"type":"Point","coordinates":[-75.69248322876174,4.794463659805495]},"properties":{"externalId":"msft-pereira-google_4651457","damageLevel":"dano","rawLabel":"damaged","fieldValidated":false,"rawEventCode":null,"modelScore":0.26978193146417445}},{"type":"Feature","geometry":{"type":"Point","coordinates":[-75.69245913681536,4.794550137478051]},"properties":{"externalId":"msft-pereira-google_4651460","damageLevel":"dano","rawLabel":"damaged","fieldValidated":false,"rawEventCode":null,"modelScore":0.4178610804851158}},{"type":"Feature","geometry":{"type":"Point","coordinates":[-75.69715705349087,4.797902530793775]},"properties":{"externalId":"msft-pereira-google_4651853","damageLevel":"dano","rawLabel":"damaged","fieldValidated":false,"rawEventCode":null,"modelScore":0.2483130904183536}},{"type":"Feature","geometry":{"type":"Point","coordinates":[-75.69344622539181,4.797448621040737]},"properties":{"externalId":"msft-pereira-google_4651902","damageLevel":"dano","rawLabel":"damaged","fieldValidated":false,"rawEventCode":null,"modelScore":0.11986505258979957}},{"type":"Feature","geometry":{"type":"Point","coordinates":[-75.69479832905957,4.795461402319138]},"properties":{"externalId":"msft-pereira-google_4652100","damageLevel":"dano","rawLabel":"damaged","fieldValidated":false,"rawEventCode":null,"modelScore":0.6712962962962963}},{"type":"Feature","geometry":{"type":"Point","coordinates":[-75.69961344691399,4.795166828003969]},"properties":{"externalId":"msft-pereira-google_4652223","damageLevel":"dano","rawLabel":"damaged","fieldValidated":false,"rawEventCode":null,"modelScore":0.37771739130434784}},{"type":"Feature","geometry":{"type":"Point","coordinates":[-75.69359597442048,4.794319039719059]},"properties":{"externalId":"msft-pereira-google_4652536","damageLevel":"dano","rawLabel":"damaged","fieldValidated":false,"rawEventCode":null,"modelScore":0.3275862068965517}},{"type":"Feature","geometry":{"type":"Point","coordinates":[-75.693585929,4.794103148500456]},"properties":{"externalId":"msft-pereira-google_4652539","damageLevel":"dano","rawLabel":"damaged","fieldValidated":false,"rawEventCode":null,"modelScore":0.10931174089068826}},{"type":"Feature","geometry":{"type":"Point","coordinates":[-75.69359526850005,4.794060366000369]},"properties":{"externalId":"msft-pereira-google_4652548","damageLevel":"dano","rawLabel":"damaged","fieldValidated":false,"rawEventCode":null,"modelScore":0.7980132450331126}},{"type":"Feature","geometry":{"type":"Point","coordinates":[-75.69275742315504,4.79440260507776]},"properties":{"externalId":"msft-pereira-google_4652629","damageLevel":"dano","rawLabel":"damaged","fieldValidated":false,"rawEventCode":null,"modelScore":0.11031175059952038}},{"type":"Feature","geometry":{"type":"Point","coordinates":[-75.69570788401383,4.794476502387411]},"properties":{"externalId":"msft-pereira-google_4652689","damageLevel":"dano","rawLabel":"damaged","fieldValidated":false,"rawEventCode":null,"modelScore":0.1739606126914661}},{"type":"Feature","geometry":{"type":"Point","coordinates":[-75.69578935938426,4.794110397944269]},"properties":{"externalId":"msft-pereira-google_4652690","damageLevel":"dano","rawLabel":"damaged","fieldValidated":false,"rawEventCode":null,"modelScore":0.268}},{"type":"Feature","geometry":{"type":"Point","coordinates":[-75.69567003900016,4.786772022501169]},"properties":{"externalId":"msft-pereira-google_4652890","damageLevel":"dano","rawLabel":"damaged","fieldValidated":false,"rawEventCode":null,"modelScore":0.339171974522293}},{"type":"Feature","geometry":{"type":"Point","coordinates":[-75.69872687112375,4.78792912132349]},"properties":{"externalId":"msft-pereira-google_4653268","damageLevel":"dano","rawLabel":"damaged","fieldValidated":false,"rawEventCode":null,"modelScore":0.19244391971664698}},{"type":"Feature","geometry":{"type":"Point","coordinates":[-75.69940593854817,4.787851529321864]},"properties":{"externalId":"msft-pereira-google_4653350","damageLevel":"dano","rawLabel":"damaged","fieldValidated":false,"rawEventCode":null,"modelScore":0.22238372093023256}},{"type":"Feature","geometry":{"type":"Point","coordinates":[-75.69636924999972,4.787232050000295]},"properties":{"externalId":"msft-pereira-google_4653456","damageLevel":"dano","rawLabel":"damaged","fieldValidated":false,"rawEventCode":null,"modelScore":0.2818371607515658}},{"type":"Feature","geometry":{"type":"Point","coordinates":[-75.69631350556543,4.78724966053769]},"properties":{"externalId":"msft-pereira-google_4653477","damageLevel":"dano","rawLabel":"damaged","fieldValidated":false,"rawEventCode":null,"modelScore":0.11370262390670553}},{"type":"Feature","geometry":{"type":"Point","coordinates":[-75.70191539900011,4.815073106004298]},"properties":{"externalId":"msft-pereira-google_4653694","damageLevel":"dano","rawLabel":"damaged","fieldValidated":false,"rawEventCode":null,"modelScore":0.4228110599078341}},{"type":"Feature","geometry":{"type":"Point","coordinates":[-75.702734631456,4.81551864572688]},"properties":{"externalId":"msft-pereira-google_4653697","damageLevel":"dano","rawLabel":"damaged","fieldValidated":false,"rawEventCode":null,"modelScore":0.2794577685088634}},{"type":"Feature","geometry":{"type":"Point","coordinates":[-75.70115268200013,4.814542587000429]},"properties":{"externalId":"msft-pereira-google_4653741","damageLevel":"dano","rawLabel":"damaged","fieldValidated":false,"rawEventCode":null,"modelScore":0.7080152671755725}},{"type":"Feature","geometry":{"type":"Point","coordinates":[-75.69942729850035,4.815167083504089]},"properties":{"externalId":"msft-pereira-google_4653875","damageLevel":"dano","rawLabel":"damaged","fieldValidated":false,"rawEventCode":null,"modelScore":0.3434473854099419}},{"type":"Feature","geometry":{"type":"Point","coordinates":[-75.69947427329224,4.81502516399616]},"properties":{"externalId":"msft-pereira-google_4653887","damageLevel":"dano","rawLabel":"damaged","fieldValidated":false,"rawEventCode":null,"modelScore":0.49159663865546216}},{"type":"Feature","geometry":{"type":"Point","coordinates":[-75.70087974326992,4.813606671380919]},"properties":{"externalId":"msft-pereira-google_4653944","damageLevel":"dano","rawLabel":"damaged","fieldValidated":false,"rawEventCode":null,"modelScore":0.3978494623655914}},{"type":"Feature","geometry":{"type":"Point","coordinates":[-75.69500331050024,4.811445504001049]},"properties":{"externalId":"msft-pereira-google_4654225","damageLevel":"dano","rawLabel":"damaged","fieldValidated":false,"rawEventCode":null,"modelScore":0.3735926305015353}},{"type":"Feature","geometry":{"type":"Point","coordinates":[-75.69401780927407,4.811569336818772]},"properties":{"externalId":"msft-pereira-google_4654237","damageLevel":"dano","rawLabel":"damaged","fieldValidated":false,"rawEventCode":null,"modelScore":0.7192307692307692}},{"type":"Feature","geometry":{"type":"Point","coordinates":[-75.69488270198029,4.810963626497959]},"properties":{"externalId":"msft-pereira-google_4654247","damageLevel":"dano","rawLabel":"damaged","fieldValidated":false,"rawEventCode":null,"modelScore":0.20465116279069767}},{"type":"Feature","geometry":{"type":"Point","coordinates":[-75.70283225774008,4.810449573144457]},"properties":{"externalId":"msft-pereira-google_4654276","damageLevel":"dano","rawLabel":"damaged","fieldValidated":false,"rawEventCode":null,"modelScore":0.14648295866569977}},{"type":"Feature","geometry":{"type":"Point","coordinates":[-75.70275364900209,4.810438034998611]},"properties":{"externalId":"msft-pereira-google_4654287","damageLevel":"dano","rawLabel":"damaged","fieldValidated":false,"rawEventCode":null,"modelScore":0.4922509225092251}},{"type":"Feature","geometry":{"type":"Point","coordinates":[-75.7009661005082,4.81083321315579]},"properties":{"externalId":"msft-pereira-google_4654343","damageLevel":"dano","rawLabel":"damaged","fieldValidated":false,"rawEventCode":null,"modelScore":0.15018315018315018}},{"type":"Feature","geometry":{"type":"Point","coordinates":[-75.69814052044141,4.80837923619024]},"properties":{"externalId":"msft-pereira-google_4654425","damageLevel":"dano","rawLabel":"damaged","fieldValidated":false,"rawEventCode":null,"modelScore":0.3555750658472344}},{"type":"Feature","geometry":{"type":"Point","coordinates":[-75.69618073449652,4.807438136002893]},"properties":{"externalId":"msft-pereira-google_4654723","damageLevel":"dano","rawLabel":"damaged","fieldValidated":false,"rawEventCode":null,"modelScore":0.7307152875175316}},{"type":"Feature","geometry":{"type":"Point","coordinates":[-75.69592843217555,4.806659429766515]},"properties":{"externalId":"msft-pereira-google_4654777","damageLevel":"dano","rawLabel":"damaged","fieldValidated":false,"rawEventCode":null,"modelScore":0.2028828828828829}},{"type":"Feature","geometry":{"type":"Point","coordinates":[-75.69730054050049,4.806344379499453]},"properties":{"externalId":"msft-pereira-google_4654832","damageLevel":"dano","rawLabel":"damaged","fieldValidated":false,"rawEventCode":null,"modelScore":0.7865266841644795}},{"type":"Feature","geometry":{"type":"Point","coordinates":[-75.7008267757904,4.806034127560648]},"properties":{"externalId":"msft-pereira-google_4654859","damageLevel":"dano","rawLabel":"damaged","fieldValidated":false,"rawEventCode":null,"modelScore":0.1487964989059081}},{"type":"Feature","geometry":{"type":"Point","coordinates":[-75.70267519799994,4.807045422500019]},"properties":{"externalId":"msft-pereira-google_4654908","damageLevel":"dano","rawLabel":"damaged","fieldValidated":false,"rawEventCode":null,"modelScore":0.25925925925925924}},{"type":"Feature","geometry":{"type":"Point","coordinates":[-75.70277574048207,4.807039388265251]},"properties":{"externalId":"msft-pereira-google_4654922","damageLevel":"dano","rawLabel":"damaged","fieldValidated":false,"rawEventCode":null,"modelScore":0.21686746987951808}},{"type":"Feature","geometry":{"type":"Point","coordinates":[-75.70275171390377,4.807015404262732]},"properties":{"externalId":"msft-pereira-google_4654926","damageLevel":"dano","rawLabel":"damaged","fieldValidated":false,"rawEventCode":null,"modelScore":0.12962962962962962}},{"type":"Feature","geometry":{"type":"Point","coordinates":[-75.69718460803233,4.806378425616897]},"properties":{"externalId":"msft-pereira-google_4654931","damageLevel":"dano","rawLabel":"damaged","fieldValidated":false,"rawEventCode":null,"modelScore":0.8247151621384751}},{"type":"Feature","geometry":{"type":"Point","coordinates":[-75.69708642656151,4.806190159461779]},"properties":{"externalId":"msft-pereira-google_4654932","damageLevel":"dano","rawLabel":"damaged","fieldValidated":false,"rawEventCode":null,"modelScore":0.1254598969830758}},{"type":"Feature","geometry":{"type":"Point","coordinates":[-75.69711596900049,4.806324827498925]},"properties":{"externalId":"msft-pereira-google_4654934","damageLevel":"dano","rawLabel":"damaged","fieldValidated":false,"rawEventCode":null,"modelScore":0.4990566037735849}},{"type":"Feature","geometry":{"type":"Point","coordinates":[-75.69684587250022,4.806221943501753]},"properties":{"externalId":"msft-pereira-google_4654944","damageLevel":"dano","rawLabel":"damaged","fieldValidated":false,"rawEventCode":null,"modelScore":0.14185814185814186}},{"type":"Feature","geometry":{"type":"Point","coordinates":[-75.69676396400043,4.80650259500104]},"properties":{"externalId":"msft-pereira-google_4654945","damageLevel":"dano","rawLabel":"damaged","fieldValidated":false,"rawEventCode":null,"modelScore":0.20671140939597316}},{"type":"Feature","geometry":{"type":"Point","coordinates":[-75.69675608111986,4.80633611529033]},"properties":{"externalId":"msft-pereira-google_4654948","damageLevel":"dano","rawLabel":"damaged","fieldValidated":false,"rawEventCode":null,"modelScore":1.0}},{"type":"Feature","geometry":{"type":"Point","coordinates":[-75.69674832962261,4.806083405750031]},"properties":{"externalId":"msft-pereira-google_4654950","damageLevel":"dano","rawLabel":"damaged","fieldValidated":false,"rawEventCode":null,"modelScore":0.7606837606837606}},{"type":"Feature","geometry":{"type":"Point","coordinates":[-75.69682838404975,4.806385784269191]},"properties":{"externalId":"msft-pereira-google_4654951","damageLevel":"dano","rawLabel":"damaged","fieldValidated":false,"rawEventCode":null,"modelScore":0.6954113924050633}},{"type":"Feature","geometry":{"type":"Point","coordinates":[-75.69662369031278,4.806388098947531]},"properties":{"externalId":"msft-pereira-google_4654956","damageLevel":"dano","rawLabel":"damaged","fieldValidated":false,"rawEventCode":null,"modelScore":0.3346031746031746}},{"type":"Feature","geometry":{"type":"Point","coordinates":[-75.69664366441141,4.805990076705818]},"properties":{"externalId":"msft-pereira-google_4654957","damageLevel":"dano","rawLabel":"damaged","fieldValidated":false,"rawEventCode":null,"modelScore":0.9585635359116023}},{"type":"Feature","geometry":{"type":"Point","coordinates":[-75.6966174570001,4.806101215501161]},"properties":{"externalId":"msft-pereira-google_4654959","damageLevel":"dano","rawLabel":"damaged","fieldValidated":false,"rawEventCode":null,"modelScore":0.9973474801061007}},{"type":"Feature","geometry":{"type":"Point","coordinates":[-75.69655793849738,4.80582617368561]},"properties":{"externalId":"msft-pereira-google_4654961","damageLevel":"dano","rawLabel":"damaged","fieldValidated":false,"rawEventCode":null,"modelScore":0.2330198537095089}},{"type":"Feature","geometry":{"type":"Point","coordinates":[-75.69651926488109,4.80600316571099]},"properties":{"externalId":"msft-pereira-google_4654963","damageLevel":"dano","rawLabel":"damaged","fieldValidated":false,"rawEventCode":null,"modelScore":0.5008025682182986}},{"type":"Feature","geometry":{"type":"Point","coordinates":[-75.69653987809397,4.80610601310226]},"properties":{"externalId":"msft-pereira-google_4654964","damageLevel":"dano","rawLabel":"damaged","fieldValidated":false,"rawEventCode":null,"modelScore":0.3761467889908257}},{"type":"Feature","geometry":{"type":"Point","coordinates":[-75.69645959111465,4.806292208769666]},"properties":{"externalId":"msft-pereira-google_4654965","damageLevel":"dano","rawLabel":"damaged","fieldValidated":false,"rawEventCode":null,"modelScore":0.11019736842105263}},{"type":"Feature","geometry":{"type":"Point","coordinates":[-75.69640562273028,4.806209200545796]},"properties":{"externalId":"msft-pereira-google_4654968","damageLevel":"dano","rawLabel":"damaged","fieldValidated":false,"rawEventCode":null,"modelScore":0.5455650060753341}},{"type":"Feature","geometry":{"type":"Point","coordinates":[-75.6963716050003,4.805778494502502]},"properties":{"externalId":"msft-pereira-google_4654971","damageLevel":"dano","rawLabel":"damaged","fieldValidated":false,"rawEventCode":null,"modelScore":0.10696920583468396}},{"type":"Feature","geometry":{"type":"Point","coordinates":[-75.69636245323231,4.806292526117415]},"properties":{"externalId":"msft-pereira-google_4654972","damageLevel":"dano","rawLabel":"damaged","fieldValidated":false,"rawEventCode":null,"modelScore":0.3939393939393939}},{"type":"Feature","geometry":{"type":"Point","coordinates":[-75.6963314912212,4.805961145256228]},"properties":{"externalId":"msft-pereira-google_4654973","damageLevel":"dano","rawLabel":"damaged","fieldValidated":false,"rawEventCode":null,"modelScore":0.35459817729908866}},{"type":"Feature","geometry":{"type":"Point","coordinates":[-75.69628836553262,4.806207467332466]},"properties":{"externalId":"msft-pereira-google_4654974","damageLevel":"dano","rawLabel":"damaged","fieldValidated":false,"rawEventCode":null,"modelScore":1.0}},{"type":"Feature","geometry":{"type":"Point","coordinates":[-75.69620083250007,4.806216938500322]},"properties":{"externalId":"msft-pereira-google_4654977","damageLevel":"dano","rawLabel":"damaged","fieldValidated":false,"rawEventCode":null,"modelScore":0.2996632996632997}},{"type":"Feature","geometry":{"type":"Point","coordinates":[-75.69620510150006,4.806174744000439]},"properties":{"externalId":"msft-pereira-google_4654978","damageLevel":"dano","rawLabel":"damaged","fieldValidated":false,"rawEventCode":null,"modelScore":0.36486486486486486}},{"type":"Feature","geometry":{"type":"Point","coordinates":[-75.69617744205138,4.805983940767801]},"properties":{"externalId":"msft-pereira-google_4654979","damageLevel":"dano","rawLabel":"damaged","fieldValidated":false,"rawEventCode":null,"modelScore":0.13910505836575876}},{"type":"Feature","geometry":{"type":"Point","coordinates":[-75.70114982698703,4.806237760657575]},"properties":{"externalId":"msft-pereira-google_4655012","damageLevel":"dano","rawLabel":"damaged","fieldValidated":false,"rawEventCode":null,"modelScore":0.12695109261186263}},{"type":"Feature","geometry":{"type":"Point","coordinates":[-75.70164636949895,4.807262564002111]},"properties":{"externalId":"msft-pereira-google_4655018","damageLevel":"dano","rawLabel":"damaged","fieldValidated":false,"rawEventCode":null,"modelScore":0.2951388888888889}},{"type":"Feature","geometry":{"type":"Point","coordinates":[-75.69415426248034,4.806436163051501]},"properties":{"externalId":"msft-pereira-google_4655048","damageLevel":"dano","rawLabel":"damaged","fieldValidated":false,"rawEventCode":null,"modelScore":0.2346813725490196}},{"type":"Feature","geometry":{"type":"Point","coordinates":[-75.69895392799931,4.806504656501635]},"properties":{"externalId":"msft-pereira-google_4655114","damageLevel":"dano","rawLabel":"damaged","fieldValidated":false,"rawEventCode":null,"modelScore":0.2773109243697479}},{"type":"Feature","geometry":{"type":"Point","coordinates":[-75.7034486775001,4.80578571700077]},"properties":{"externalId":"msft-pereira-google_4655173","damageLevel":"dano","rawLabel":"damaged","fieldValidated":false,"rawEventCode":null,"modelScore":0.4074074074074074}},{"type":"Feature","geometry":{"type":"Point","coordinates":[-75.70326894369114,4.805721940428937]},"properties":{"externalId":"msft-pereira-google_4655179","damageLevel":"dano","rawLabel":"damaged","fieldValidated":false,"rawEventCode":null,"modelScore":0.14863102998696218}},{"type":"Feature","geometry":{"type":"Point","coordinates":[-75.69496903846098,4.805376202840629]},"properties":{"externalId":"msft-pereira-google_4655214","damageLevel":"dano","rawLabel":"damaged","fieldValidated":false,"rawEventCode":null,"modelScore":0.28153357531760437}},{"type":"Feature","geometry":{"type":"Point","coordinates":[-75.69481059572804,4.805368547258049]},"properties":{"externalId":"msft-pereira-google_4655223","damageLevel":"dano","rawLabel":"damaged","fieldValidated":false,"rawEventCode":null,"modelScore":0.9769762087490407}},{"type":"Feature","geometry":{"type":"Point","coordinates":[-75.69477331881261,4.8052892296239]},"properties":{"externalId":"msft-pereira-google_4655226","damageLevel":"dano","rawLabel":"damaged","fieldValidated":false,"rawEventCode":null,"modelScore":0.45217391304347826}},{"type":"Feature","geometry":{"type":"Point","coordinates":[-75.69454735800026,4.805402166000944]},"properties":{"externalId":"msft-pereira-google_4655237","damageLevel":"dano","rawLabel":"damaged","fieldValidated":false,"rawEventCode":null,"modelScore":0.523709167544784}},{"type":"Feature","geometry":{"type":"Point","coordinates":[-75.6953334190007,4.805368190996029]},"properties":{"externalId":"msft-pereira-google_4655268","damageLevel":"dano","rawLabel":"damaged","fieldValidated":false,"rawEventCode":null,"modelScore":0.6091803278688525}},{"type":"Feature","geometry":{"type":"Point","coordinates":[-75.69555008200696,4.805438564909942]},"properties":{"externalId":"msft-pereira-google_4655271","damageLevel":"dano","rawLabel":"damaged","fieldValidated":false,"rawEventCode":null,"modelScore":0.1628007491715891}},{"type":"Feature","geometry":{"type":"Point","coordinates":[-75.6954237280001,4.80395817050052]},"properties":{"externalId":"msft-pereira-google_4655362","damageLevel":"dano","rawLabel":"damaged","fieldValidated":false,"rawEventCode":null,"modelScore":0.3223684210526316}},{"type":"Feature","geometry":{"type":"Point","coordinates":[-75.6955999455013,4.804077085500935]},"properties":{"externalId":"msft-pereira-google_4655364","damageLevel":"dano","rawLabel":"damaged","fieldValidated":false,"rawEventCode":null,"modelScore":0.14569256756756757}},{"type":"Feature","geometry":{"type":"Point","coordinates":[-75.69830049823219,4.803568413574854]},"properties":{"externalId":"msft-pereira-google_4655486","damageLevel":"dano","rawLabel":"damaged","fieldValidated":false,"rawEventCode":null,"modelScore":0.39981511439796624}},{"type":"Feature","geometry":{"type":"Point","coordinates":[-75.69816154573657,4.803977139563669]},"properties":{"externalId":"msft-pereira-google_4655498","damageLevel":"dano","rawLabel":"damaged","fieldValidated":false,"rawEventCode":null,"modelScore":0.8500740740740741}},{"type":"Feature","geometry":{"type":"Point","coordinates":[-75.69811006018598,4.804082512771443]},"properties":{"externalId":"msft-pereira-google_4655504","damageLevel":"dano","rawLabel":"damaged","fieldValidated":false,"rawEventCode":null,"modelScore":0.4}},{"type":"Feature","geometry":{"type":"Point","coordinates":[-75.69810141292402,4.804188519737056]},"properties":{"externalId":"msft-pereira-google_4655507","damageLevel":"dano","rawLabel":"damaged","fieldValidated":false,"rawEventCode":null,"modelScore":0.33435448577680527}},{"type":"Feature","geometry":{"type":"Point","coordinates":[-75.70007517085304,4.796147871545108]},"properties":{"externalId":"msft-pereira-google_4655531","damageLevel":"dano","rawLabel":"damaged","fieldValidated":false,"rawEventCode":null,"modelScore":0.24875621890547264}},{"type":"Feature","geometry":{"type":"Point","coordinates":[-75.7018644020001,4.795223030500235]},"properties":{"externalId":"msft-pereira-google_4655679","damageLevel":"dano","rawLabel":"damaged","fieldValidated":false,"rawEventCode":null,"modelScore":0.8483412322274881}},{"type":"Feature","geometry":{"type":"Point","coordinates":[-75.7016290149997,4.794872130000233]},"properties":{"externalId":"msft-pereira-google_4655692","damageLevel":"dano","rawLabel":"damaged","fieldValidated":false,"rawEventCode":null,"modelScore":1.0}},{"type":"Feature","geometry":{"type":"Point","coordinates":[-75.70160848149987,4.794890998000081]},"properties":{"externalId":"msft-pereira-google_4655693","damageLevel":"dano","rawLabel":"damaged","fieldValidated":false,"rawEventCode":null,"modelScore":1.0}},{"type":"Feature","geometry":{"type":"Point","coordinates":[-75.70149948250021,4.794704580000598]},"properties":{"externalId":"msft-pereira-google_4655694","damageLevel":"dano","rawLabel":"damaged","fieldValidated":false,"rawEventCode":null,"modelScore":0.2808349146110057}},{"type":"Feature","geometry":{"type":"Point","coordinates":[-75.70144168748557,4.79473627388151]},"properties":{"externalId":"msft-pereira-google_4655696","damageLevel":"dano","rawLabel":"damaged","fieldValidated":false,"rawEventCode":null,"modelScore":0.7718832891246684}},{"type":"Feature","geometry":{"type":"Point","coordinates":[-75.70165838266624,4.794842749025529]},"properties":{"externalId":"msft-pereira-google_4655698","damageLevel":"dano","rawLabel":"damaged","fieldValidated":false,"rawEventCode":null,"modelScore":0.592436974789916}},{"type":"Feature","geometry":{"type":"Point","coordinates":[-75.69986505499939,4.78896079750024]},"properties":{"externalId":"msft-pereira-google_4655701","damageLevel":"dano","rawLabel":"damaged","fieldValidated":false,"rawEventCode":null,"modelScore":0.12206572769953052}},{"type":"Feature","geometry":{"type":"Point","coordinates":[-75.69982958449961,4.78898790050031]},"properties":{"externalId":"msft-pereira-google_4655703","damageLevel":"dano","rawLabel":"damaged","fieldValidated":false,"rawEventCode":null,"modelScore":0.3063583815028902}},{"type":"Feature","geometry":{"type":"Point","coordinates":[-75.700044602442,4.793867439623321]},"properties":{"externalId":"msft-pereira-google_4655743","damageLevel":"dano","rawLabel":"damaged","fieldValidated":false,"rawEventCode":null,"modelScore":0.24623115577889448}},{"type":"Feature","geometry":{"type":"Point","coordinates":[-75.70012131250012,4.794003410000432]},"properties":{"externalId":"msft-pereira-google_4655749","damageLevel":"dano","rawLabel":"damaged","fieldValidated":false,"rawEventCode":null,"modelScore":0.20821917808219179}},{"type":"Feature","geometry":{"type":"Point","coordinates":[-75.69966865443985,4.78801965180364]},"properties":{"externalId":"msft-pereira-google_4655815","damageLevel":"dano","rawLabel":"damaged","fieldValidated":false,"rawEventCode":null,"modelScore":0.3008356545961003}},{"type":"Feature","geometry":{"type":"Point","coordinates":[-75.69961751078861,4.788052316558121]},"properties":{"externalId":"msft-pereira-google_4655816","damageLevel":"dano","rawLabel":"damaged","fieldValidated":false,"rawEventCode":null,"modelScore":0.4738219895287958}},{"type":"Feature","geometry":{"type":"Point","coordinates":[-75.69935533705971,4.788058425211938]},"properties":{"externalId":"msft-pereira-google_4655818","damageLevel":"dano","rawLabel":"damaged","fieldValidated":false,"rawEventCode":null,"modelScore":0.3263888888888889}},{"type":"Feature","geometry":{"type":"Point","coordinates":[-75.69929163591124,4.788086330301206]},"properties":{"externalId":"msft-pereira-google_4655840","damageLevel":"dano","rawLabel":"damaged","fieldValidated":false,"rawEventCode":null,"modelScore":0.6386554621848739}},{"type":"Feature","geometry":{"type":"Point","coordinates":[-75.70017136059,4.794884224100151]},"properties":{"externalId":"msft-pereira-google_4655878","damageLevel":"dano","rawLabel":"damaged","fieldValidated":false,"rawEventCode":null,"modelScore":0.5962837837837838}},{"type":"Feature","geometry":{"type":"Point","coordinates":[-75.70023702549999,4.794922766500322]},"properties":{"externalId":"msft-pereira-google_4655879","damageLevel":"dano","rawLabel":"damaged","fieldValidated":false,"rawEventCode":null,"modelScore":0.9666666666666667}},{"type":"Feature","geometry":{"type":"Point","coordinates":[-75.70030734871925,4.795277291796832]},"properties":{"externalId":"msft-pereira-google_4655899","damageLevel":"dano","rawLabel":"damaged","fieldValidated":false,"rawEventCode":null,"modelScore":0.5959849435382685}},{"type":"Feature","geometry":{"type":"Point","coordinates":[-75.69933068949966,4.787685805999808]},"properties":{"externalId":"msft-pereira-google_4656004","damageLevel":"dano","rawLabel":"damaged","fieldValidated":false,"rawEventCode":null,"modelScore":0.1880108991825613}},{"type":"Feature","geometry":{"type":"Point","coordinates":[-75.69934653850007,4.787744573000262]},"properties":{"externalId":"msft-pereira-google_4656010","damageLevel":"dano","rawLabel":"damaged","fieldValidated":false,"rawEventCode":null,"modelScore":1.0}},{"type":"Feature","geometry":{"type":"Point","coordinates":[-75.70044025561604,4.791856020198663]},"properties":{"externalId":"msft-pereira-google_4656033","damageLevel":"dano","rawLabel":"damaged","fieldValidated":false,"rawEventCode":null,"modelScore":0.10931174089068826}},{"type":"Feature","geometry":{"type":"Point","coordinates":[-75.70024401649934,4.791893665000143]},"properties":{"externalId":"msft-pereira-google_4656053","damageLevel":"dano","rawLabel":"damaged","fieldValidated":false,"rawEventCode":null,"modelScore":0.6113989637305699}},{"type":"Feature","geometry":{"type":"Point","coordinates":[-75.70054880347413,4.792138391811962]},"properties":{"externalId":"msft-pereira-google_4656063","damageLevel":"dano","rawLabel":"damaged","fieldValidated":false,"rawEventCode":null,"modelScore":0.48405797101449277}},{"type":"Feature","geometry":{"type":"Point","coordinates":[-75.700500157151,4.792155125926508]},"properties":{"externalId":"msft-pereira-google_4656064","damageLevel":"dano","rawLabel":"damaged","fieldValidated":false,"rawEventCode":null,"modelScore":0.9630996309963099}},{"type":"Feature","geometry":{"type":"Point","coordinates":[-75.70043651027689,4.792251961406703]},"properties":{"externalId":"msft-pereira-google_4656067","damageLevel":"dano","rawLabel":"damaged","fieldValidated":false,"rawEventCode":null,"modelScore":0.47126436781609193}},{"type":"Feature","geometry":{"type":"Point","coordinates":[-75.70092767401556,4.793558385905594]},"properties":{"externalId":"msft-pereira-google_4656088","damageLevel":"dano","rawLabel":"damaged","fieldValidated":false,"rawEventCode":null,"modelScore":0.1497584541062802}},{"type":"Feature","geometry":{"type":"Point","coordinates":[-75.70092448149997,4.793795160000217]},"properties":{"externalId":"msft-pereira-google_4656091","damageLevel":"dano","rawLabel":"damaged","fieldValidated":false,"rawEventCode":null,"modelScore":0.17894736842105263}},{"type":"Feature","geometry":{"type":"Point","coordinates":[-75.70088356753168,4.793640869663233]},"properties":{"externalId":"msft-pereira-google_4656093","damageLevel":"dano","rawLabel":"damaged","fieldValidated":false,"rawEventCode":null,"modelScore":0.14285714285714285}},{"type":"Feature","geometry":{"type":"Point","coordinates":[-75.70067380766427,4.793481959976436]},"properties":{"externalId":"msft-pereira-google_4656105","damageLevel":"dano","rawLabel":"damaged","fieldValidated":false,"rawEventCode":null,"modelScore":0.3432574430823117}},{"type":"Feature","geometry":{"type":"Point","coordinates":[-75.70067326198847,4.793951452811086]},"properties":{"externalId":"msft-pereira-google_4656108","damageLevel":"dano","rawLabel":"damaged","fieldValidated":false,"rawEventCode":null,"modelScore":0.17177914110429449}},{"type":"Feature","geometry":{"type":"Point","coordinates":[-75.70063869415247,4.793614620436711]},"properties":{"externalId":"msft-pereira-google_4656109","damageLevel":"dano","rawLabel":"damaged","fieldValidated":false,"rawEventCode":null,"modelScore":0.7077625570776256}},{"type":"Feature","geometry":{"type":"Point","coordinates":[-75.70052954982802,4.794263912908813]},"properties":{"externalId":"msft-pereira-google_4656114","damageLevel":"dano","rawLabel":"damaged","fieldValidated":false,"rawEventCode":null,"modelScore":0.10339506172839506}},{"type":"Feature","geometry":{"type":"Point","coordinates":[-75.70072153000032,4.79355522650106]},"properties":{"externalId":"msft-pereira-google_4656117","damageLevel":"dano","rawLabel":"damaged","fieldValidated":false,"rawEventCode":null,"modelScore":0.20766773162939298}},{"type":"Feature","geometry":{"type":"Point","coordinates":[-75.70093514071979,4.793842504996833]},"properties":{"externalId":"msft-pereira-google_4656118","damageLevel":"dano","rawLabel":"damaged","fieldValidated":false,"rawEventCode":null,"modelScore":0.37272727272727274}},{"type":"Feature","geometry":{"type":"Point","coordinates":[-75.7009681818859,4.789945381861119]},"properties":{"externalId":"msft-pereira-google_4656136","damageLevel":"dano","rawLabel":"damaged","fieldValidated":false,"rawEventCode":null,"modelScore":0.21641791044776118}},{"type":"Feature","geometry":{"type":"Point","coordinates":[-75.70102448971832,4.792433633409376]},"properties":{"externalId":"msft-pereira-google_4656168","damageLevel":"dano","rawLabel":"damaged","fieldValidated":false,"rawEventCode":null,"modelScore":0.11577181208053691}},{"type":"Feature","geometry":{"type":"Point","coordinates":[-75.7010027640001,4.793427164000431]},"properties":{"externalId":"msft-pereira-google_4656173","damageLevel":"dano","rawLabel":"damaged","fieldValidated":false,"rawEventCode":null,"modelScore":0.2222222222222222}},{"type":"Feature","geometry":{"type":"Point","coordinates":[-75.70094784055766,4.793368589234971]},"properties":{"externalId":"msft-pereira-google_4656182","damageLevel":"dano","rawLabel":"damaged","fieldValidated":false,"rawEventCode":null,"modelScore":0.20205479452054795}},{"type":"Feature","geometry":{"type":"Point","coordinates":[-75.70112509049964,4.795804462000323]},"properties":{"externalId":"msft-pereira-google_4656188","damageLevel":"dano","rawLabel":"damaged","fieldValidated":false,"rawEventCode":null,"modelScore":0.34782608695652173}},{"type":"Feature","geometry":{"type":"Point","coordinates":[-75.70109377749871,4.795847280499999]},"properties":{"externalId":"msft-pereira-google_4656189","damageLevel":"dano","rawLabel":"damaged","fieldValidated":false,"rawEventCode":null,"modelScore":0.33201581027667987}},{"type":"Feature","geometry":{"type":"Point","coordinates":[-75.70104548499991,4.795851556000134]},"properties":{"externalId":"msft-pereira-google_4656191","damageLevel":"dano","rawLabel":"damaged","fieldValidated":false,"rawEventCode":null,"modelScore":0.4034090909090909}},{"type":"Feature","geometry":{"type":"Point","coordinates":[-75.70102925968611,4.795795409969054]},"properties":{"externalId":"msft-pereira-google_4656193","damageLevel":"dano","rawLabel":"damaged","fieldValidated":false,"rawEventCode":null,"modelScore":0.14893617021276595}},{"type":"Feature","geometry":{"type":"Point","coordinates":[-75.70075787850074,4.795345490500727]},"properties":{"externalId":"msft-pereira-google_4656200","damageLevel":"dano","rawLabel":"damaged","fieldValidated":false,"rawEventCode":null,"modelScore":0.3342342342342342}},{"type":"Feature","geometry":{"type":"Point","coordinates":[-75.70106007035379,4.795724835063156]},"properties":{"externalId":"msft-pereira-google_4656221","damageLevel":"dano","rawLabel":"damaged","fieldValidated":false,"rawEventCode":null,"modelScore":0.14754098360655737}},{"type":"Feature","geometry":{"type":"Point","coordinates":[-75.70107402950009,4.793955307500195]},"properties":{"externalId":"msft-pereira-google_4656266","damageLevel":"dano","rawLabel":"damaged","fieldValidated":false,"rawEventCode":null,"modelScore":0.7664670658682635}},{"type":"Feature","geometry":{"type":"Point","coordinates":[-75.70107505296478,4.793887661069821]},"properties":{"externalId":"msft-pereira-google_4656269","damageLevel":"dano","rawLabel":"damaged","fieldValidated":false,"rawEventCode":null,"modelScore":0.5365344467640919}},{"type":"Feature","geometry":{"type":"Point","coordinates":[-75.70114353900016,4.793862297000375]},"properties":{"externalId":"msft-pereira-google_4656272","damageLevel":"dano","rawLabel":"damaged","fieldValidated":false,"rawEventCode":null,"modelScore":0.42138364779874216}},{"type":"Feature","geometry":{"type":"Point","coordinates":[-75.70102003270196,4.79391182338671]},"properties":{"externalId":"msft-pereira-google_4656273","damageLevel":"dano","rawLabel":"damaged","fieldValidated":false,"rawEventCode":null,"modelScore":0.7711442786069652}},{"type":"Feature","geometry":{"type":"Point","coordinates":[-75.70104688414922,4.793937388055467]},"properties":{"externalId":"msft-pereira-google_4656275","damageLevel":"dano","rawLabel":"damaged","fieldValidated":false,"rawEventCode":null,"modelScore":1.0}},{"type":"Feature","geometry":{"type":"Point","coordinates":[-75.70241595075947,4.795593311910253]},"properties":{"externalId":"msft-pereira-google_4656294","damageLevel":"dano","rawLabel":"damaged","fieldValidated":false,"rawEventCode":null,"modelScore":0.15983112183353437}},{"type":"Feature","geometry":{"type":"Point","coordinates":[-75.70225468950004,4.795826140000361]},"properties":{"externalId":"msft-pereira-google_4656303","damageLevel":"dano","rawLabel":"damaged","fieldValidated":false,"rawEventCode":null,"modelScore":0.5403225806451613}},{"type":"Feature","geometry":{"type":"Point","coordinates":[-75.70213010550053,4.795443221500952]},"properties":{"externalId":"msft-pereira-google_4656309","damageLevel":"dano","rawLabel":"damaged","fieldValidated":false,"rawEventCode":null,"modelScore":0.4876373626373626}},{"type":"Feature","geometry":{"type":"Point","coordinates":[-75.7020617828752,4.795211149373903]},"properties":{"externalId":"msft-pereira-google_4656313","damageLevel":"dano","rawLabel":"damaged","fieldValidated":false,"rawEventCode":null,"modelScore":0.7929184549356223}},{"type":"Feature","geometry":{"type":"Point","coordinates":[-75.70205654115472,4.795106586383505]},"properties":{"externalId":"msft-pereira-google_4656315","damageLevel":"dano","rawLabel":"damaged","fieldValidated":false,"rawEventCode":null,"modelScore":0.3383356070941337}},{"type":"Feature","geometry":{"type":"Point","coordinates":[-75.7020055670013,4.795182884000793]},"properties":{"externalId":"msft-pereira-google_4656318","damageLevel":"dano","rawLabel":"damaged","fieldValidated":false,"rawEventCode":null,"modelScore":1.0}},{"type":"Feature","geometry":{"type":"Point","coordinates":[-75.70200917716829,4.795023663963613]},"properties":{"externalId":"msft-pereira-google_4656319","damageLevel":"dano","rawLabel":"damaged","fieldValidated":false,"rawEventCode":null,"modelScore":0.12637362637362637}},{"type":"Feature","geometry":{"type":"Point","coordinates":[-75.7019759426417,4.795143814048253]},"properties":{"externalId":"msft-pereira-google_4656320","damageLevel":"dano","rawLabel":"damaged","fieldValidated":false,"rawEventCode":null,"modelScore":0.9305555555555556}},{"type":"Feature","geometry":{"type":"Point","coordinates":[-75.70194877994084,4.795107989616412]},"properties":{"externalId":"msft-pereira-google_4656321","damageLevel":"dano","rawLabel":"damaged","fieldValidated":false,"rawEventCode":null,"modelScore":0.6792828685258964}},{"type":"Feature","geometry":{"type":"Point","coordinates":[-75.70191686800125,4.795065902500796]},"properties":{"externalId":"msft-pereira-google_4656322","damageLevel":"dano","rawLabel":"damaged","fieldValidated":false,"rawEventCode":null,"modelScore":0.62751677852349}},{"type":"Feature","geometry":{"type":"Point","coordinates":[-75.70191974000002,4.794938531000164]},"properties":{"externalId":"msft-pereira-google_4656323","damageLevel":"dano","rawLabel":"damaged","fieldValidated":false,"rawEventCode":null,"modelScore":0.7718120805369127}},{"type":"Feature","geometry":{"type":"Point","coordinates":[-75.70269063487643,4.795973944184883]},"properties":{"externalId":"msft-pereira-google_4656331","damageLevel":"dano","rawLabel":"damaged","fieldValidated":false,"rawEventCode":null,"modelScore":0.20441988950276244}},{"type":"Feature","geometry":{"type":"Point","coordinates":[-75.70261740778069,4.795869478217755]},"properties":{"externalId":"msft-pereira-google_4656332","damageLevel":"dano","rawLabel":"damaged","fieldValidated":false,"rawEventCode":null,"modelScore":0.17878426698450536}},{"type":"Feature","geometry":{"type":"Point","coordinates":[-75.70259184846478,4.796460132961987]},"properties":{"externalId":"msft-pereira-google_4656333","damageLevel":"dano","rawLabel":"damaged","fieldValidated":false,"rawEventCode":null,"modelScore":0.7697516930022573}},{"type":"Feature","geometry":{"type":"Point","coordinates":[-75.70446533449831,4.798238122002418]},"properties":{"externalId":"msft-pereira-google_4656353","damageLevel":"dano","rawLabel":"damaged","fieldValidated":false,"rawEventCode":null,"modelScore":0.14}},{"type":"Feature","geometry":{"type":"Point","coordinates":[-75.69836447073511,4.800162891931291]},"properties":{"externalId":"msft-pereira-google_4656626","damageLevel":"dano","rawLabel":"damaged","fieldValidated":false,"rawEventCode":null,"modelScore":0.11059190031152648}},{"type":"Feature","geometry":{"type":"Point","coordinates":[-75.70240284900005,4.799802446000277]},"properties":{"externalId":"msft-pereira-google_4656767","damageLevel":"dano","rawLabel":"damaged","fieldValidated":false,"rawEventCode":null,"modelScore":0.4310850439882698}},{"type":"Feature","geometry":{"type":"Point","coordinates":[-75.70097878908042,4.798384390168236]},"properties":{"externalId":"msft-pereira-google_4656794","damageLevel":"dano","rawLabel":"damaged","fieldValidated":false,"rawEventCode":null,"modelScore":0.4109195402298851}},{"type":"Feature","geometry":{"type":"Point","coordinates":[-75.70077375177141,4.797909424650401]},"properties":{"externalId":"msft-pereira-google_4656803","damageLevel":"dano","rawLabel":"damaged","fieldValidated":false,"rawEventCode":null,"modelScore":0.2112676056338028}},{"type":"Feature","geometry":{"type":"Point","coordinates":[-75.70096475358282,4.797433097801179]},"properties":{"externalId":"msft-pereira-google_4656805","damageLevel":"dano","rawLabel":"damaged","fieldValidated":false,"rawEventCode":null,"modelScore":0.119551143720328}},{"type":"Feature","geometry":{"type":"Point","coordinates":[-75.70082622900043,4.797531593999889]},"properties":{"externalId":"msft-pereira-google_4656818","damageLevel":"dano","rawLabel":"damaged","fieldValidated":false,"rawEventCode":null,"modelScore":0.366412213740458}},{"type":"Feature","geometry":{"type":"Point","coordinates":[-75.70078966432493,4.797787130351139]},"properties":{"externalId":"msft-pereira-google_4656820","damageLevel":"dano","rawLabel":"damaged","fieldValidated":false,"rawEventCode":null,"modelScore":0.2544642857142857}},{"type":"Feature","geometry":{"type":"Point","coordinates":[-75.70079384808658,4.797838159728943]},"properties":{"externalId":"msft-pereira-google_4656830","damageLevel":"dano","rawLabel":"damaged","fieldValidated":false,"rawEventCode":null,"modelScore":1.0}},{"type":"Feature","geometry":{"type":"Point","coordinates":[-75.6973842109753,4.796982484784218]},"properties":{"externalId":"msft-pereira-google_4657276","damageLevel":"dano","rawLabel":"damaged","fieldValidated":false,"rawEventCode":null,"modelScore":0.24}},{"type":"Feature","geometry":{"type":"Point","coordinates":[-75.69733884332943,4.796995822339842]},"properties":{"externalId":"msft-pereira-google_4657277","damageLevel":"dano","rawLabel":"damaged","fieldValidated":false,"rawEventCode":null,"modelScore":0.12293853073463268}},{"type":"Feature","geometry":{"type":"Point","coordinates":[-75.69704735918624,4.797619284530338]},"properties":{"externalId":"msft-pereira-google_4657299","damageLevel":"dano","rawLabel":"damaged","fieldValidated":false,"rawEventCode":null,"modelScore":0.21223021582733814}},{"type":"Feature","geometry":{"type":"Point","coordinates":[-75.70335370033165,4.798917782213253]},"properties":{"externalId":"msft-pereira-google_4657320","damageLevel":"dano","rawLabel":"damaged","fieldValidated":false,"rawEventCode":null,"modelScore":0.46286701208981}},{"type":"Feature","geometry":{"type":"Point","coordinates":[-75.69461713899976,4.797857834004031]},"properties":{"externalId":"msft-pereira-google_4657494","damageLevel":"dano","rawLabel":"damaged","fieldValidated":false,"rawEventCode":null,"modelScore":0.2569620253164557}},{"type":"Feature","geometry":{"type":"Point","coordinates":[-75.69396947650058,4.798683150501741]},"properties":{"externalId":"msft-pereira-google_4657514","damageLevel":"dano","rawLabel":"damaged","fieldValidated":false,"rawEventCode":null,"modelScore":0.3158953722334004}},{"type":"Feature","geometry":{"type":"Point","coordinates":[-75.69724054905991,4.797910160297404]},"properties":{"externalId":"msft-pereira-google_4657518","damageLevel":"dano","rawLabel":"damaged","fieldValidated":false,"rawEventCode":null,"modelScore":1.0}},{"type":"Feature","geometry":{"type":"Point","coordinates":[-75.70213276745059,4.798797113144816]},"properties":{"externalId":"msft-pereira-google_4657582","damageLevel":"dano","rawLabel":"damaged","fieldValidated":false,"rawEventCode":null,"modelScore":0.3380855397148676}},{"type":"Feature","geometry":{"type":"Point","coordinates":[-75.70206045733241,4.798691007995985]},"properties":{"externalId":"msft-pereira-google_4657602","damageLevel":"dano","rawLabel":"damaged","fieldValidated":false,"rawEventCode":null,"modelScore":0.3301384451544196}},{"type":"Feature","geometry":{"type":"Point","coordinates":[-75.69900591950018,4.800619770000591]},"properties":{"externalId":"msft-pereira-google_4657625","damageLevel":"dano","rawLabel":"damaged","fieldValidated":false,"rawEventCode":null,"modelScore":0.5553571428571429}},{"type":"Feature","geometry":{"type":"Point","coordinates":[-75.69890912378784,4.800647298195348]},"properties":{"externalId":"msft-pereira-google_4657629","damageLevel":"dano","rawLabel":"damaged","fieldValidated":false,"rawEventCode":null,"modelScore":0.8461538461538461}},{"type":"Feature","geometry":{"type":"Point","coordinates":[-75.6991058953126,4.800708693764586]},"properties":{"externalId":"msft-pereira-google_4657648","damageLevel":"dano","rawLabel":"damaged","fieldValidated":false,"rawEventCode":null,"modelScore":0.42447418738049714}},{"type":"Feature","geometry":{"type":"Point","coordinates":[-75.70516225450127,4.799575333000358]},"properties":{"externalId":"msft-pereira-google_4657755","damageLevel":"dano","rawLabel":"damaged","fieldValidated":false,"rawEventCode":null,"modelScore":0.11053984575835475}},{"type":"Feature","geometry":{"type":"Point","coordinates":[-75.69577747241283,4.800256807437991]},"properties":{"externalId":"msft-pereira-google_4657890","damageLevel":"dano","rawLabel":"damaged","fieldValidated":false,"rawEventCode":null,"modelScore":0.2019672131147541}},{"type":"Feature","geometry":{"type":"Point","coordinates":[-75.70529741914757,4.79885259544357]},"properties":{"externalId":"msft-pereira-google_4657949","damageLevel":"dano","rawLabel":"damaged","fieldValidated":false,"rawEventCode":null,"modelScore":0.1956521739130435}},{"type":"Feature","geometry":{"type":"Point","coordinates":[-75.70838605115858,4.797755982313924]},"properties":{"externalId":"msft-pereira-google_4658043","damageLevel":"dano","rawLabel":"damaged","fieldValidated":false,"rawEventCode":null,"modelScore":0.25435540069686413}},{"type":"Feature","geometry":{"type":"Point","coordinates":[-75.70347914149943,4.79691107250033]},"properties":{"externalId":"msft-pereira-google_4658162","damageLevel":"dano","rawLabel":"damaged","fieldValidated":false,"rawEventCode":null,"modelScore":0.23322683706070288}},{"type":"Feature","geometry":{"type":"Point","coordinates":[-75.69860524199966,4.7973585629999]},"properties":{"externalId":"msft-pereira-google_4658221","damageLevel":"dano","rawLabel":"damaged","fieldValidated":false,"rawEventCode":null,"modelScore":0.1111111111111111}},{"type":"Feature","geometry":{"type":"Point","coordinates":[-75.7029622919993,4.797523996000924]},"properties":{"externalId":"msft-pereira-google_4658309","damageLevel":"dano","rawLabel":"damaged","fieldValidated":false,"rawEventCode":null,"modelScore":0.9223300970873787}},{"type":"Feature","geometry":{"type":"Point","coordinates":[-75.7007059246348,4.803348326347279]},"properties":{"externalId":"msft-pereira-google_4658378","damageLevel":"dano","rawLabel":"damaged","fieldValidated":false,"rawEventCode":null,"modelScore":0.17922705314009663}},{"type":"Feature","geometry":{"type":"Point","coordinates":[-75.70057336400107,4.80330534900162]},"properties":{"externalId":"msft-pereira-google_4658390","damageLevel":"dano","rawLabel":"damaged","fieldValidated":false,"rawEventCode":null,"modelScore":0.1250898634076204}},{"type":"Feature","geometry":{"type":"Point","coordinates":[-75.6979388517049,4.800855938716622]},"properties":{"externalId":"msft-pereira-google_4658473","damageLevel":"dano","rawLabel":"damaged","fieldValidated":false,"rawEventCode":null,"modelScore":0.3566666666666667}},{"type":"Feature","geometry":{"type":"Point","coordinates":[-75.69787017441196,4.800833895859367]},"properties":{"externalId":"msft-pereira-google_4658474","damageLevel":"dano","rawLabel":"damaged","fieldValidated":false,"rawEventCode":null,"modelScore":0.6445275958840038}},{"type":"Feature","geometry":{"type":"Point","coordinates":[-75.69758574921775,4.800914538295384]},"properties":{"externalId":"msft-pereira-google_4658476","damageLevel":"dano","rawLabel":"damaged","fieldValidated":false,"rawEventCode":null,"modelScore":0.1372369624885636}},{"type":"Feature","geometry":{"type":"Point","coordinates":[-75.7085056320002,4.801785493000503]},"properties":{"externalId":"msft-pereira-google_4658541","damageLevel":"dano","rawLabel":"damaged","fieldValidated":false,"rawEventCode":null,"modelScore":0.19615032080659944}},{"type":"Feature","geometry":{"type":"Point","coordinates":[-75.70567221900002,4.803312182000026]},"properties":{"externalId":"msft-pereira-google_4658629","damageLevel":"dano","rawLabel":"damaged","fieldValidated":false,"rawEventCode":null,"modelScore":0.6071428571428571}},{"type":"Feature","geometry":{"type":"Point","coordinates":[-75.70569538900016,4.803308079000081]},"properties":{"externalId":"msft-pereira-google_4658636","damageLevel":"dano","rawLabel":"damaged","fieldValidated":false,"rawEventCode":null,"modelScore":0.6616161616161617}},{"type":"Feature","geometry":{"type":"Point","coordinates":[-75.7036289610007,4.802080525500409]},"properties":{"externalId":"msft-pereira-google_4658859","damageLevel":"dano","rawLabel":"damaged","fieldValidated":false,"rawEventCode":null,"modelScore":0.17096774193548386}},{"type":"Feature","geometry":{"type":"Point","coordinates":[-75.69995174859514,4.803916935343578]},"properties":{"externalId":"msft-pereira-google_4658886","damageLevel":"dano","rawLabel":"damaged","fieldValidated":false,"rawEventCode":null,"modelScore":0.12268743914313535}},{"type":"Feature","geometry":{"type":"Point","coordinates":[-75.6999038390539,4.803963399774419]},"properties":{"externalId":"msft-pereira-google_4658888","damageLevel":"dano","rawLabel":"damaged","fieldValidated":false,"rawEventCode":null,"modelScore":0.5404761904761904}},{"type":"Feature","geometry":{"type":"Point","coordinates":[-75.69963730549777,4.803672494004663]},"properties":{"externalId":"msft-pereira-google_4658894","damageLevel":"dano","rawLabel":"damaged","fieldValidated":false,"rawEventCode":null,"modelScore":0.3547204399633364}},{"type":"Feature","geometry":{"type":"Point","coordinates":[-75.69645073066862,4.803368651834932]},"properties":{"externalId":"msft-pereira-google_4658955","damageLevel":"dano","rawLabel":"damaged","fieldValidated":false,"rawEventCode":null,"modelScore":0.3963775687913619}},{"type":"Feature","geometry":{"type":"Point","coordinates":[-75.69665215250019,4.803624328002595]},"properties":{"externalId":"msft-pereira-google_4658962","damageLevel":"dano","rawLabel":"damaged","fieldValidated":false,"rawEventCode":null,"modelScore":0.41509433962264153}},{"type":"Feature","geometry":{"type":"Point","coordinates":[-75.69797895114704,4.803720280419516]},"properties":{"externalId":"msft-pereira-google_4658977","damageLevel":"dano","rawLabel":"damaged","fieldValidated":false,"rawEventCode":null,"modelScore":0.11637347767253045}},{"type":"Feature","geometry":{"type":"Point","coordinates":[-75.69656754518782,4.803370880881121]},"properties":{"externalId":"msft-pereira-google_4658980","damageLevel":"dano","rawLabel":"damaged","fieldValidated":false,"rawEventCode":null,"modelScore":0.2715495764823119}},{"type":"Feature","geometry":{"type":"Point","coordinates":[-75.6990548300047,4.803292339255592]},"properties":{"externalId":"msft-pereira-google_4658999","damageLevel":"dano","rawLabel":"damaged","fieldValidated":false,"rawEventCode":null,"modelScore":0.34537725823591925}},{"type":"Feature","geometry":{"type":"Point","coordinates":[-75.69829807896757,4.804043722454724]},"properties":{"externalId":"msft-pereira-google_4659032","damageLevel":"dano","rawLabel":"damaged","fieldValidated":false,"rawEventCode":null,"modelScore":0.8084784254352763}},{"type":"Feature","geometry":{"type":"Point","coordinates":[-75.69849674073242,4.803780484635684]},"properties":{"externalId":"msft-pereira-google_4659033","damageLevel":"dano","rawLabel":"damaged","fieldValidated":false,"rawEventCode":null,"modelScore":0.4066427289048474}},{"type":"Feature","geometry":{"type":"Point","coordinates":[-75.69826284099739,4.803752816801535]},"properties":{"externalId":"msft-pereira-google_4659036","damageLevel":"dano","rawLabel":"damaged","fieldValidated":false,"rawEventCode":null,"modelScore":0.16558441558441558}},{"type":"Feature","geometry":{"type":"Point","coordinates":[-75.70089485782387,4.804265943479278]},"properties":{"externalId":"msft-pereira-google_4659049","damageLevel":"dano","rawLabel":"damaged","fieldValidated":false,"rawEventCode":null,"modelScore":0.12227805695142378}},{"type":"Feature","geometry":{"type":"Point","coordinates":[-75.6980223825499,4.803024348226915]},"properties":{"externalId":"msft-pereira-google_4659235","damageLevel":"dano","rawLabel":"damaged","fieldValidated":false,"rawEventCode":null,"modelScore":0.6256906077348067}},{"type":"Feature","geometry":{"type":"Point","coordinates":[-75.69748603150016,4.802077394000541]},"properties":{"externalId":"msft-pereira-google_4659241","damageLevel":"dano","rawLabel":"damaged","fieldValidated":false,"rawEventCode":null,"modelScore":0.36574074074074076}},{"type":"Feature","geometry":{"type":"Point","coordinates":[-75.6974995690002,4.802145417501534]},"properties":{"externalId":"msft-pereira-google_4659243","damageLevel":"dano","rawLabel":"damaged","fieldValidated":false,"rawEventCode":null,"modelScore":0.8626716604244694}},{"type":"Feature","geometry":{"type":"Point","coordinates":[-75.69758007193496,4.802153585232935]},"properties":{"externalId":"msft-pereira-google_4659268","damageLevel":"dano","rawLabel":"damaged","fieldValidated":false,"rawEventCode":null,"modelScore":0.42823529411764705}},{"type":"Feature","geometry":{"type":"Point","coordinates":[-75.70028237869595,4.801883093381067]},"properties":{"externalId":"msft-pereira-google_4659282","damageLevel":"dano","rawLabel":"damaged","fieldValidated":false,"rawEventCode":null,"modelScore":0.24603836530442036}},{"type":"Feature","geometry":{"type":"Point","coordinates":[-75.69956820197552,4.801672984740885]},"properties":{"externalId":"msft-pereira-google_4659351","damageLevel":"dano","rawLabel":"damaged","fieldValidated":false,"rawEventCode":null,"modelScore":0.10554089709762533}},{"type":"Feature","geometry":{"type":"Point","coordinates":[-75.699635370217,4.801646531551861]},"properties":{"externalId":"msft-pereira-google_4659352","damageLevel":"dano","rawLabel":"damaged","fieldValidated":false,"rawEventCode":null,"modelScore":0.3711340206185567}},{"type":"Feature","geometry":{"type":"Point","coordinates":[-75.69965075000007,4.801709900001121]},"properties":{"externalId":"msft-pereira-google_4659354","damageLevel":"dano","rawLabel":"damaged","fieldValidated":false,"rawEventCode":null,"modelScore":0.4324009324009324}},{"type":"Feature","geometry":{"type":"Point","coordinates":[-75.6945820267227,4.801946371586134]},"properties":{"externalId":"msft-pereira-google_4659445","damageLevel":"dano","rawLabel":"damaged","fieldValidated":false,"rawEventCode":null,"modelScore":0.20193470374848851}},{"type":"Feature","geometry":{"type":"Point","coordinates":[-75.69443798941334,4.802004652195182]},"properties":{"externalId":"msft-pereira-google_4659446","damageLevel":"dano","rawLabel":"damaged","fieldValidated":false,"rawEventCode":null,"modelScore":0.23237179487179488}},{"type":"Feature","geometry":{"type":"Point","coordinates":[-75.69948326391977,4.801245103328987]},"properties":{"externalId":"msft-pereira-google_4659508","damageLevel":"dano","rawLabel":"damaged","fieldValidated":false,"rawEventCode":null,"modelScore":0.6666666666666666}},{"type":"Feature","geometry":{"type":"Point","coordinates":[-75.69922516928784,4.801451571083621]},"properties":{"externalId":"msft-pereira-google_4659519","damageLevel":"dano","rawLabel":"damaged","fieldValidated":false,"rawEventCode":null,"modelScore":0.6141304347826086}},{"type":"Feature","geometry":{"type":"Point","coordinates":[-75.69918255900012,4.801362973000486]},"properties":{"externalId":"msft-pereira-google_4659521","damageLevel":"dano","rawLabel":"damaged","fieldValidated":false,"rawEventCode":null,"modelScore":1.0}},{"type":"Feature","geometry":{"type":"Point","coordinates":[-75.69916355389728,4.801399357213649]},"properties":{"externalId":"msft-pereira-google_4659525","damageLevel":"dano","rawLabel":"damaged","fieldValidated":false,"rawEventCode":null,"modelScore":0.6645962732919255}},{"type":"Feature","geometry":{"type":"Point","coordinates":[-75.699081299779,4.801370596075227]},"properties":{"externalId":"msft-pereira-google_4659531","damageLevel":"dano","rawLabel":"damaged","fieldValidated":false,"rawEventCode":null,"modelScore":0.1456953642384106}},{"type":"Feature","geometry":{"type":"Point","coordinates":[-75.69929762693532,4.801178763439276]},"properties":{"externalId":"msft-pereira-google_4659534","damageLevel":"dano","rawLabel":"damaged","fieldValidated":false,"rawEventCode":null,"modelScore":0.6448863636363636}},{"type":"Feature","geometry":{"type":"Point","coordinates":[-75.69936081250036,4.801144240500309]},"properties":{"externalId":"msft-pereira-google_4659543","damageLevel":"dano","rawLabel":"damaged","fieldValidated":false,"rawEventCode":null,"modelScore":0.1164021164021164}},{"type":"Feature","geometry":{"type":"Point","coordinates":[-75.6992944658476,4.801079349237237]},"properties":{"externalId":"msft-pereira-google_4659546","damageLevel":"dano","rawLabel":"damaged","fieldValidated":false,"rawEventCode":null,"modelScore":0.24011103400416378}},{"type":"Feature","geometry":{"type":"Point","coordinates":[-75.69901866400039,4.80084318050059]},"properties":{"externalId":"msft-pereira-google_4659548","damageLevel":"dano","rawLabel":"damaged","fieldValidated":false,"rawEventCode":null,"modelScore":0.47229551451187335}},{"type":"Feature","geometry":{"type":"Point","coordinates":[-75.70542686633885,4.801691643654766]},"properties":{"externalId":"msft-pereira-google_4659583","damageLevel":"dano","rawLabel":"damaged","fieldValidated":false,"rawEventCode":null,"modelScore":0.21585160202360876}},{"type":"Feature","geometry":{"type":"Point","coordinates":[-75.70346877050018,4.805716081499947]},"properties":{"externalId":"msft-pereira-google_4659711","damageLevel":"dano","rawLabel":"damaged","fieldValidated":false,"rawEventCode":null,"modelScore":0.14549653579676675}},{"type":"Feature","geometry":{"type":"Point","coordinates":[-75.70529226799741,4.807035881003194]},"properties":{"externalId":"msft-pereira-google_4659729","damageLevel":"dano","rawLabel":"damaged","fieldValidated":false,"rawEventCode":null,"modelScore":0.39201451905626133}},{"type":"Feature","geometry":{"type":"Point","coordinates":[-75.70539037931803,4.807091696601518]},"properties":{"externalId":"msft-pereira-google_4659731","damageLevel":"dano","rawLabel":"damaged","fieldValidated":false,"rawEventCode":null,"modelScore":0.47307692307692306}},{"type":"Feature","geometry":{"type":"Point","coordinates":[-75.70429300550344,4.810897884999608]},"properties":{"externalId":"msft-pereira-google_4659779","damageLevel":"dano","rawLabel":"damaged","fieldValidated":false,"rawEventCode":null,"modelScore":0.4324607329842932}},{"type":"Feature","geometry":{"type":"Point","coordinates":[-75.70433667111011,4.809944847490248]},"properties":{"externalId":"msft-pereira-google_4659808","damageLevel":"dano","rawLabel":"damaged","fieldValidated":false,"rawEventCode":null,"modelScore":0.13354037267080746}},{"type":"Feature","geometry":{"type":"Point","coordinates":[-75.7083718275418,4.810380790721559]},"properties":{"externalId":"msft-pereira-google_4659828","damageLevel":"dano","rawLabel":"damaged","fieldValidated":false,"rawEventCode":null,"modelScore":0.43683274021352314}},{"type":"Feature","geometry":{"type":"Point","coordinates":[-75.7082053824999,4.810377654999975]},"properties":{"externalId":"msft-pereira-google_4659846","damageLevel":"dano","rawLabel":"damaged","fieldValidated":false,"rawEventCode":null,"modelScore":0.3096446700507614}},{"type":"Feature","geometry":{"type":"Point","coordinates":[-75.70759617462335,4.81250032083229]},"properties":{"externalId":"msft-pereira-google_4659883","damageLevel":"dano","rawLabel":"damaged","fieldValidated":false,"rawEventCode":null,"modelScore":0.2482721956406167}},{"type":"Feature","geometry":{"type":"Point","coordinates":[-75.70706172441056,4.809481386217139]},"properties":{"externalId":"msft-pereira-google_4660024","damageLevel":"dano","rawLabel":"damaged","fieldValidated":false,"rawEventCode":null,"modelScore":0.41105527638190953}},{"type":"Feature","geometry":{"type":"Point","coordinates":[-75.70516807050043,4.81477321149871]},"properties":{"externalId":"msft-pereira-google_4660036","damageLevel":"dano","rawLabel":"damaged","fieldValidated":false,"rawEventCode":null,"modelScore":0.93952802359882}},{"type":"Feature","geometry":{"type":"Point","coordinates":[-75.70470456883167,4.808941948340493]},"properties":{"externalId":"msft-pereira-google_4660112","damageLevel":"dano","rawLabel":"damaged","fieldValidated":false,"rawEventCode":null,"modelScore":0.1287037037037037}},{"type":"Feature","geometry":{"type":"Point","coordinates":[-75.70534674773232,4.814519632139117]},"properties":{"externalId":"msft-pereira-google_4660146","damageLevel":"dano","rawLabel":"damaged","fieldValidated":false,"rawEventCode":null,"modelScore":0.3510711817553559}},{"type":"Feature","geometry":{"type":"Point","coordinates":[-75.70517328450102,4.814554647498533]},"properties":{"externalId":"msft-pereira-google_4660156","damageLevel":"dano","rawLabel":"damaged","fieldValidated":false,"rawEventCode":null,"modelScore":0.3560049019607843}},{"type":"Feature","geometry":{"type":"Point","coordinates":[-75.70379742800027,4.805229858000984]},"properties":{"externalId":"msft-pereira-google_4660224","damageLevel":"dano","rawLabel":"damaged","fieldValidated":false,"rawEventCode":null,"modelScore":0.2946859903381642}},{"type":"Feature","geometry":{"type":"Point","coordinates":[-75.70370503777906,4.80528086893866]},"properties":{"externalId":"msft-pereira-google_4660226","damageLevel":"dano","rawLabel":"damaged","fieldValidated":false,"rawEventCode":null,"modelScore":0.12678936605316973}},{"type":"Feature","geometry":{"type":"Point","coordinates":[-75.70492178699746,4.81127892500619]},"properties":{"externalId":"msft-pereira-google_4660412","damageLevel":"dano","rawLabel":"damaged","fieldValidated":false,"rawEventCode":null,"modelScore":0.44323342415985467}},{"type":"Feature","geometry":{"type":"Point","coordinates":[-75.70482959291121,4.811155365109484]},"properties":{"externalId":"msft-pereira-google_4660414","damageLevel":"dano","rawLabel":"damaged","fieldValidated":false,"rawEventCode":null,"modelScore":0.753330044400592}},{"type":"Feature","geometry":{"type":"Point","coordinates":[-75.70458190050016,4.805588914999703]},"properties":{"externalId":"msft-pereira-google_4660426","damageLevel":"dano","rawLabel":"damaged","fieldValidated":false,"rawEventCode":null,"modelScore":0.21166306695464362}},{"type":"Feature","geometry":{"type":"Point","coordinates":[-75.70557617843967,4.809594188259386]},"properties":{"externalId":"msft-pereira-google_4660457","damageLevel":"dano","rawLabel":"damaged","fieldValidated":false,"rawEventCode":null,"modelScore":0.21705426356589147}},{"type":"Feature","geometry":{"type":"Point","coordinates":[-75.70665259615735,4.809549753271391]},"properties":{"externalId":"msft-pereira-google_4660474","damageLevel":"dano","rawLabel":"damaged","fieldValidated":false,"rawEventCode":null,"modelScore":0.8477822580645161}},{"type":"Feature","geometry":{"type":"Point","coordinates":[-75.70579597791584,4.807337330602939]},"properties":{"externalId":"msft-pereira-google_4660531","damageLevel":"dano","rawLabel":"damaged","fieldValidated":false,"rawEventCode":null,"modelScore":0.2791095890410959}},{"type":"Feature","geometry":{"type":"Point","coordinates":[-75.7060006719984,4.807348371003428]},"properties":{"externalId":"msft-pereira-google_4660532","damageLevel":"dano","rawLabel":"damaged","fieldValidated":false,"rawEventCode":null,"modelScore":0.15336322869955157}},{"type":"Feature","geometry":{"type":"Point","coordinates":[-75.70587450019221,4.807370664039403]},"properties":{"externalId":"msft-pereira-google_4660535","damageLevel":"dano","rawLabel":"damaged","fieldValidated":false,"rawEventCode":null,"modelScore":0.2134387351778656}},{"type":"Feature","geometry":{"type":"Point","coordinates":[-75.70611693699983,4.807395102001395]},"properties":{"externalId":"msft-pereira-google_4660537","damageLevel":"dano","rawLabel":"damaged","fieldValidated":false,"rawEventCode":null,"modelScore":0.30201342281879195}},{"type":"Feature","geometry":{"type":"Point","coordinates":[-75.70816971365993,4.805709058545261]},"properties":{"externalId":"msft-pereira-google_4660667","damageLevel":"dano","rawLabel":"damaged","fieldValidated":false,"rawEventCode":null,"modelScore":0.11128526645768025}},{"type":"Feature","geometry":{"type":"Point","coordinates":[-75.7083080238236,4.806558863494204]},"properties":{"externalId":"msft-pereira-google_4660672","damageLevel":"dano","rawLabel":"damaged","fieldValidated":false,"rawEventCode":null,"modelScore":0.7449664429530202}},{"type":"Feature","geometry":{"type":"Point","coordinates":[-75.70850998230685,4.806792806744143]},"properties":{"externalId":"msft-pereira-google_4660674","damageLevel":"dano","rawLabel":"damaged","fieldValidated":false,"rawEventCode":null,"modelScore":0.6652719665271967}},{"type":"Feature","geometry":{"type":"Point","coordinates":[-75.7082561750001,4.806554379000093]},"properties":{"externalId":"msft-pereira-google_4660678","damageLevel":"dano","rawLabel":"damaged","fieldValidated":false,"rawEventCode":null,"modelScore":1.0}},{"type":"Feature","geometry":{"type":"Point","coordinates":[-75.70887155605686,4.80684686280622]},"properties":{"externalId":"msft-pereira-google_4660687","damageLevel":"dano","rawLabel":"damaged","fieldValidated":false,"rawEventCode":null,"modelScore":0.11423550087873462}},{"type":"Feature","geometry":{"type":"Point","coordinates":[-75.70919792557604,4.797395414842037]},"properties":{"externalId":"msft-pereira-google_4660864","damageLevel":"dano","rawLabel":"damaged","fieldValidated":false,"rawEventCode":null,"modelScore":0.3300970873786408}},{"type":"Feature","geometry":{"type":"Point","coordinates":[-75.70926366806367,4.800479718289219]},"properties":{"externalId":"msft-pereira-google_4660903","damageLevel":"dano","rawLabel":"damaged","fieldValidated":false,"rawEventCode":null,"modelScore":0.17037037037037037}},{"type":"Feature","geometry":{"type":"Point","coordinates":[-75.71022990405976,4.800138192740174]},"properties":{"externalId":"msft-pereira-google_4661024","damageLevel":"dano","rawLabel":"damaged","fieldValidated":false,"rawEventCode":null,"modelScore":0.35036496350364965}},{"type":"Feature","geometry":{"type":"Point","coordinates":[-75.71018915350002,4.800123502500216]},"properties":{"externalId":"msft-pereira-google_4661027","damageLevel":"dano","rawLabel":"damaged","fieldValidated":false,"rawEventCode":null,"modelScore":0.275}},{"type":"Feature","geometry":{"type":"Point","coordinates":[-75.71015572241554,4.800114699230149]},"properties":{"externalId":"msft-pereira-google_4661030","damageLevel":"dano","rawLabel":"damaged","fieldValidated":false,"rawEventCode":null,"modelScore":0.1650485436893204}},{"type":"Feature","geometry":{"type":"Point","coordinates":[-75.70935997900293,4.801036793669127]},"properties":{"externalId":"msft-pereira-google_4661058","damageLevel":"dano","rawLabel":"damaged","fieldValidated":false,"rawEventCode":null,"modelScore":0.18218298555377208}},{"type":"Feature","geometry":{"type":"Point","coordinates":[-75.71016651350003,4.800616030500318]},"properties":{"externalId":"msft-pereira-google_4661062","damageLevel":"dano","rawLabel":"damaged","fieldValidated":false,"rawEventCode":null,"modelScore":0.4074074074074074}},{"type":"Feature","geometry":{"type":"Point","coordinates":[-75.71031004950089,4.800742185499041]},"properties":{"externalId":"msft-pereira-google_4661064","damageLevel":"dano","rawLabel":"damaged","fieldValidated":false,"rawEventCode":null,"modelScore":0.11992263056092843}},{"type":"Feature","geometry":{"type":"Point","coordinates":[-75.71056611978473,4.800169141363135]},"properties":{"externalId":"msft-pereira-google_4661371","damageLevel":"dano","rawLabel":"damaged","fieldValidated":false,"rawEventCode":null,"modelScore":0.48333333333333334}},{"type":"Feature","geometry":{"type":"Point","coordinates":[-75.69963617185962,4.788842025932132]},"properties":{"externalId":"msft-pereira-google_4662081","damageLevel":"dano","rawLabel":"damaged","fieldValidated":false,"rawEventCode":null,"modelScore":0.16022099447513813}},{"type":"Feature","geometry":{"type":"Point","coordinates":[-75.69911252397816,4.789212955148323]},"properties":{"externalId":"msft-pereira-google_4662084","damageLevel":"dano","rawLabel":"damaged","fieldValidated":false,"rawEventCode":null,"modelScore":0.26264591439688717}},{"type":"Feature","geometry":{"type":"Point","coordinates":[-75.70028198618415,4.791872321942391]},"properties":{"externalId":"msft-pereira-google_4662096","damageLevel":"dano","rawLabel":"damaged","fieldValidated":false,"rawEventCode":null,"modelScore":0.18382352941176472}},{"type":"Feature","geometry":{"type":"Point","coordinates":[-75.71040163750013,4.80834496000096]},"properties":{"externalId":"msft-pereira-google_4665789","damageLevel":"dano","rawLabel":"damaged","fieldValidated":false,"rawEventCode":null,"modelScore":0.33639705882352944}},{"type":"Feature","geometry":{"type":"Point","coordinates":[-75.71164290432198,4.813633033227627]},"properties":{"externalId":"msft-pereira-google_4666095","damageLevel":"dano","rawLabel":"damaged","fieldValidated":false,"rawEventCode":null,"modelScore":0.4730077120822622}},{"type":"Feature","geometry":{"type":"Point","coordinates":[-75.71161367772838,4.813723586538035]},"properties":{"externalId":"msft-pereira-google_4666108","damageLevel":"dano","rawLabel":"damaged","fieldValidated":false,"rawEventCode":null,"modelScore":0.3722627737226277}},{"type":"Feature","geometry":{"type":"Point","coordinates":[-75.7141841279062,4.81091563247871]},"properties":{"externalId":"msft-pereira-google_4666129","damageLevel":"dano","rawLabel":"damaged","fieldValidated":false,"rawEventCode":null,"modelScore":0.1977401129943503}},{"type":"Feature","geometry":{"type":"Point","coordinates":[-75.71416840099862,4.806443349000889]},"properties":{"externalId":"msft-pereira-google_4666440","damageLevel":"dano","rawLabel":"damaged","fieldValidated":false,"rawEventCode":null,"modelScore":0.10653266331658291}},{"type":"Feature","geometry":{"type":"Point","coordinates":[-75.71766539915335,4.805704342158248]},"properties":{"externalId":"msft-pereira-google_4666858","damageLevel":"dano","rawLabel":"damaged","fieldValidated":false,"rawEventCode":null,"modelScore":0.11182684875032209}},{"type":"Feature","geometry":{"type":"Point","coordinates":[-75.71970074199999,4.795239404500696]},"properties":{"externalId":"msft-pereira-google_5172547","damageLevel":"dano","rawLabel":"damaged","fieldValidated":false,"rawEventCode":null,"modelScore":0.15712187958883994}},{"type":"Feature","geometry":{"type":"Point","coordinates":[-75.72131841882567,4.786388517751178]},"properties":{"externalId":"msft-pereira-google_5173420","damageLevel":"dano","rawLabel":"damaged","fieldValidated":false,"rawEventCode":null,"modelScore":0.12406576980568013}},{"type":"Feature","geometry":{"type":"Point","coordinates":[-75.72131941996491,4.786252491153387]},"properties":{"externalId":"msft-pereira-google_5173429","damageLevel":"dano","rawLabel":"damaged","fieldValidated":false,"rawEventCode":null,"modelScore":0.13949579831932774}},{"type":"Feature","geometry":{"type":"Point","coordinates":[-75.72221936750022,4.803179158000114]},"properties":{"externalId":"msft-pereira-google_5173445","damageLevel":"dano","rawLabel":"damaged","fieldValidated":false,"rawEventCode":null,"modelScore":0.2}},{"type":"Feature","geometry":{"type":"Point","coordinates":[-75.71915684053201,4.803550691662687]},"properties":{"externalId":"msft-pereira-google_5174219","damageLevel":"dano","rawLabel":"damaged","fieldValidated":false,"rawEventCode":null,"modelScore":0.33687943262411346}},{"type":"Feature","geometry":{"type":"Point","coordinates":[-75.7206869374309,4.801588495328274]},"properties":{"externalId":"msft-pereira-google_5174247","damageLevel":"dano","rawLabel":"damaged","fieldValidated":false,"rawEventCode":null,"modelScore":0.22862453531598512}},{"type":"Feature","geometry":{"type":"Point","coordinates":[-75.72065073116485,4.801622219667981]},"properties":{"externalId":"msft-pereira-google_5174274","damageLevel":"dano","rawLabel":"damaged","fieldValidated":false,"rawEventCode":null,"modelScore":0.5974842767295597}},{"type":"Feature","geometry":{"type":"Point","coordinates":[-75.72171527799985,4.806805522499685]},"properties":{"externalId":"msft-pereira-google_5174954","damageLevel":"dano","rawLabel":"damaged","fieldValidated":false,"rawEventCode":null,"modelScore":0.15471698113207547}},{"type":"Feature","geometry":{"type":"Point","coordinates":[-75.72087027774369,4.804975205289536]},"properties":{"externalId":"msft-pereira-google_5175252","damageLevel":"dano","rawLabel":"damaged","fieldValidated":false,"rawEventCode":null,"modelScore":0.21473354231974923}},{"type":"Feature","geometry":{"type":"Point","coordinates":[-75.72095401586292,4.805022510097368]},"properties":{"externalId":"msft-pereira-google_5175481","damageLevel":"dano","rawLabel":"damaged","fieldValidated":false,"rawEventCode":null,"modelScore":0.2593320235756385}},{"type":"Feature","geometry":{"type":"Point","coordinates":[-75.7223172707078,4.80699656706928]},"properties":{"externalId":"msft-pereira-google_5175496","damageLevel":"dano","rawLabel":"damaged","fieldValidated":false,"rawEventCode":null,"modelScore":0.2555256869772999}},{"type":"Feature","geometry":{"type":"Point","coordinates":[-75.72752764599915,4.8023261820012]},"properties":{"externalId":"msft-pereira-google_5176751","damageLevel":"dano","rawLabel":"damaged","fieldValidated":false,"rawEventCode":null,"modelScore":0.4853168469860896}},{"type":"Feature","geometry":{"type":"Point","coordinates":[-75.72825178450023,4.801036442500194]},"properties":{"externalId":"msft-pereira-google_5176886","damageLevel":"dano","rawLabel":"damaged","fieldValidated":false,"rawEventCode":null,"modelScore":0.11428571428571428}},{"type":"Feature","geometry":{"type":"Point","coordinates":[-75.72298276551753,4.798457500160632]},"properties":{"externalId":"msft-pereira-google_5177662","damageLevel":"dano","rawLabel":"damaged","fieldValidated":false,"rawEventCode":null,"modelScore":0.21772151898734177}},{"type":"Feature","geometry":{"type":"Point","coordinates":[-75.72469692040714,4.793308815721455]},"properties":{"externalId":"msft-pereira-google_5178079","damageLevel":"dano","rawLabel":"damaged","fieldValidated":false,"rawEventCode":null,"modelScore":0.21875}},{"type":"Feature","geometry":{"type":"Point","coordinates":[-75.7253970076626,4.792232414225302]},"properties":{"externalId":"msft-pereira-google_5178365","damageLevel":"dano","rawLabel":"damaged","fieldValidated":false,"rawEventCode":null,"modelScore":0.43333333333333335}},{"type":"Feature","geometry":{"type":"Point","coordinates":[-75.7253993446743,4.792310311098094]},"properties":{"externalId":"msft-pereira-google_5178388","damageLevel":"dano","rawLabel":"damaged","fieldValidated":false,"rawEventCode":null,"modelScore":0.12964930924548354}},{"type":"Feature","geometry":{"type":"Point","coordinates":[-75.72952737499978,4.814363839999937]},"properties":{"externalId":"msft-pereira-google_5179164","damageLevel":"dano","rawLabel":"damaged","fieldValidated":false,"rawEventCode":null,"modelScore":0.18571428571428572}},{"type":"Feature","geometry":{"type":"Point","coordinates":[-75.73041021308414,4.814159473345177]},"properties":{"externalId":"msft-pereira-google_5179186","damageLevel":"dano","rawLabel":"damaged","fieldValidated":false,"rawEventCode":null,"modelScore":0.11904761904761904}},{"type":"Feature","geometry":{"type":"Point","coordinates":[-75.72988983750606,4.814273772439575]},"properties":{"externalId":"msft-pereira-google_5179194","damageLevel":"dano","rawLabel":"damaged","fieldValidated":false,"rawEventCode":null,"modelScore":0.28931451612903225}},{"type":"Feature","geometry":{"type":"Point","coordinates":[-75.72857848733072,4.813295834334467]},"properties":{"externalId":"msft-pereira-google_5179238","damageLevel":"dano","rawLabel":"damaged","fieldValidated":false,"rawEventCode":null,"modelScore":0.15434083601286175}},{"type":"Feature","geometry":{"type":"Point","coordinates":[-75.72853113518437,4.813235440533662]},"properties":{"externalId":"msft-pereira-google_5179242","damageLevel":"dano","rawLabel":"damaged","fieldValidated":false,"rawEventCode":null,"modelScore":0.1065989847715736}},{"type":"Feature","geometry":{"type":"Point","coordinates":[-75.73084392190376,4.813211451713979]},"properties":{"externalId":"msft-pereira-google_5179302","damageLevel":"dano","rawLabel":"damaged","fieldValidated":false,"rawEventCode":null,"modelScore":1.0}},{"type":"Feature","geometry":{"type":"Point","coordinates":[-75.73082474000005,4.813176375500205]},"properties":{"externalId":"msft-pereira-google_5179433","damageLevel":"dano","rawLabel":"damaged","fieldValidated":false,"rawEventCode":null,"modelScore":0.9639175257731959}},{"type":"Feature","geometry":{"type":"Point","coordinates":[-75.73036926957954,4.81276205968478]},"properties":{"externalId":"msft-pereira-google_5179456","damageLevel":"dano","rawLabel":"damaged","fieldValidated":false,"rawEventCode":null,"modelScore":0.1278538812785388}},{"type":"Feature","geometry":{"type":"Point","coordinates":[-75.72570977633929,4.809158529579758]},"properties":{"externalId":"msft-pereira-google_5179672","damageLevel":"dano","rawLabel":"damaged","fieldValidated":false,"rawEventCode":null,"modelScore":0.12871287128712872}},{"type":"Feature","geometry":{"type":"Point","coordinates":[-75.72911015651164,4.806655618155042]},"properties":{"externalId":"msft-pereira-google_5179967","damageLevel":"dano","rawLabel":"damaged","fieldValidated":false,"rawEventCode":null,"modelScore":0.13565891472868216}},{"type":"Feature","geometry":{"type":"Point","coordinates":[-75.72951298549998,4.806403932500266]},"properties":{"externalId":"msft-pereira-google_5179992","damageLevel":"dano","rawLabel":"damaged","fieldValidated":false,"rawEventCode":null,"modelScore":0.4396551724137931}},{"type":"Feature","geometry":{"type":"Point","coordinates":[-75.72930551350001,4.806454556500416]},"properties":{"externalId":"msft-pereira-google_5180008","damageLevel":"dano","rawLabel":"damaged","fieldValidated":false,"rawEventCode":null,"modelScore":1.0}},{"type":"Feature","geometry":{"type":"Point","coordinates":[-75.7292933616068,4.806496640753616]},"properties":{"externalId":"msft-pereira-google_5180009","damageLevel":"dano","rawLabel":"damaged","fieldValidated":false,"rawEventCode":null,"modelScore":1.0}},{"type":"Feature","geometry":{"type":"Point","coordinates":[-75.72926511449997,4.806567727000264]},"properties":{"externalId":"msft-pereira-google_5180012","damageLevel":"dano","rawLabel":"damaged","fieldValidated":false,"rawEventCode":null,"modelScore":0.11864406779661017}},{"type":"Feature","geometry":{"type":"Point","coordinates":[-75.72926727300018,4.806443444999888]},"properties":{"externalId":"msft-pereira-google_5180013","damageLevel":"dano","rawLabel":"damaged","fieldValidated":false,"rawEventCode":null,"modelScore":0.9433962264150944}},{"type":"Feature","geometry":{"type":"Point","coordinates":[-75.72921925916901,4.806566016326784]},"properties":{"externalId":"msft-pereira-google_5180016","damageLevel":"dano","rawLabel":"damaged","fieldValidated":false,"rawEventCode":null,"modelScore":0.38396624472573837}},{"type":"Feature","geometry":{"type":"Point","coordinates":[-75.72949608570656,4.806421630131021]},"properties":{"externalId":"msft-pereira-google_5180019","damageLevel":"dano","rawLabel":"damaged","fieldValidated":false,"rawEventCode":null,"modelScore":1.0}},{"type":"Feature","geometry":{"type":"Point","coordinates":[-75.72975675350008,4.806517462499985]},"properties":{"externalId":"msft-pereira-google_5180043","damageLevel":"dano","rawLabel":"damaged","fieldValidated":false,"rawEventCode":null,"modelScore":0.10112359550561797}},{"type":"Feature","geometry":{"type":"Point","coordinates":[-75.72920542934007,4.804232342621042]},"properties":{"externalId":"msft-pereira-google_5180476","damageLevel":"dano","rawLabel":"damaged","fieldValidated":false,"rawEventCode":null,"modelScore":0.31512605042016806}},{"type":"Feature","geometry":{"type":"Point","coordinates":[-75.72819605060826,4.803943684281668]},"properties":{"externalId":"msft-pereira-google_5180562","damageLevel":"dano","rawLabel":"damaged","fieldValidated":false,"rawEventCode":null,"modelScore":0.4986413043478261}},{"type":"Feature","geometry":{"type":"Point","coordinates":[-75.73169640749997,4.803278125]},"properties":{"externalId":"msft-pereira-google_5180808","damageLevel":"dano","rawLabel":"damaged","fieldValidated":false,"rawEventCode":null,"modelScore":0.13}},{"type":"Feature","geometry":{"type":"Point","coordinates":[-75.72938974601058,4.796424746473621]},"properties":{"externalId":"msft-pereira-google_5181238","damageLevel":"dano","rawLabel":"damaged","fieldValidated":false,"rawEventCode":null,"modelScore":0.16576576576576577}},{"type":"Feature","geometry":{"type":"Point","coordinates":[-75.73024633933551,4.802190584580486]},"properties":{"externalId":"msft-pereira-google_5181273","damageLevel":"dano","rawLabel":"damaged","fieldValidated":false,"rawEventCode":null,"modelScore":0.5358592692828146}},{"type":"Feature","geometry":{"type":"Point","coordinates":[-75.7301425874998,4.802652694000561]},"properties":{"externalId":"msft-pereira-google_5181297","damageLevel":"dano","rawLabel":"damaged","fieldValidated":false,"rawEventCode":null,"modelScore":0.4782608695652174}},{"type":"Feature","geometry":{"type":"Point","coordinates":[-75.73017709366921,4.802703301494209]},"properties":{"externalId":"msft-pereira-google_5181298","damageLevel":"dano","rawLabel":"damaged","fieldValidated":false,"rawEventCode":null,"modelScore":0.39275766016713093}},{"type":"Feature","geometry":{"type":"Point","coordinates":[-75.73013339999993,4.802746150000075]},"properties":{"externalId":"msft-pereira-google_5181308","damageLevel":"dano","rawLabel":"damaged","fieldValidated":false,"rawEventCode":null,"modelScore":0.8095238095238095}},{"type":"Feature","geometry":{"type":"Point","coordinates":[-75.73011437650513,4.802600625001467]},"properties":{"externalId":"msft-pereira-google_5181312","damageLevel":"dano","rawLabel":"damaged","fieldValidated":false,"rawEventCode":null,"modelScore":0.3776595744680851}},{"type":"Feature","geometry":{"type":"Point","coordinates":[-75.73069917600074,4.802650124000438]},"properties":{"externalId":"msft-pereira-google_5181588","damageLevel":"dano","rawLabel":"damaged","fieldValidated":false,"rawEventCode":null,"modelScore":0.33518005540166207}},{"type":"Feature","geometry":{"type":"Point","coordinates":[-75.72956310149925,4.788184897504316]},"properties":{"externalId":"msft-pereira-google_5182230","damageLevel":"dano","rawLabel":"damaged","fieldValidated":false,"rawEventCode":null,"modelScore":0.19829424307036247}},{"type":"Feature","geometry":{"type":"Point","coordinates":[-75.72956125600044,4.788078291500929]},"properties":{"externalId":"msft-pereira-google_5182233","damageLevel":"dano","rawLabel":"damaged","fieldValidated":false,"rawEventCode":null,"modelScore":0.6307692307692307}},{"type":"Feature","geometry":{"type":"Point","coordinates":[-75.73098060299922,4.792247208000755]},"properties":{"externalId":"msft-pereira-google_5182383","damageLevel":"dano","rawLabel":"damaged","fieldValidated":false,"rawEventCode":null,"modelScore":0.17164179104477612}},{"type":"Feature","geometry":{"type":"Point","coordinates":[-75.72881265000161,4.79511105000082]},"properties":{"externalId":"msft-pereira-google_5183482","damageLevel":"dano","rawLabel":"damaged","fieldValidated":false,"rawEventCode":null,"modelScore":0.32791878172588834}},{"type":"Feature","geometry":{"type":"Point","coordinates":[-75.73336307150053,4.794225677500183]},"properties":{"externalId":"msft-pereira-google_5184252","damageLevel":"dano","rawLabel":"damaged","fieldValidated":false,"rawEventCode":null,"modelScore":0.565947242206235}},{"type":"Feature","geometry":{"type":"Point","coordinates":[-75.73340251123429,4.794125014349884]},"properties":{"externalId":"msft-pereira-google_5184264","damageLevel":"dano","rawLabel":"damaged","fieldValidated":false,"rawEventCode":null,"modelScore":0.7364505844845909}},{"type":"Feature","geometry":{"type":"Point","coordinates":[-75.73454994600071,4.800069449501445]},"properties":{"externalId":"msft-pereira-google_5184421","damageLevel":"dano","rawLabel":"damaged","fieldValidated":false,"rawEventCode":null,"modelScore":0.17835365853658536}},{"type":"Feature","geometry":{"type":"Point","coordinates":[-75.73460270545787,4.800004090948671]},"properties":{"externalId":"msft-pereira-google_5184471","damageLevel":"dano","rawLabel":"damaged","fieldValidated":false,"rawEventCode":null,"modelScore":0.5425685425685426}},{"type":"Feature","geometry":{"type":"Point","coordinates":[-75.73467605986082,4.796755911920155]},"properties":{"externalId":"msft-pereira-google_5184676","damageLevel":"dano","rawLabel":"damaged","fieldValidated":false,"rawEventCode":null,"modelScore":0.6134506599622879}},{"type":"Feature","geometry":{"type":"Point","coordinates":[-75.73475744917498,4.79682420067527]},"properties":{"externalId":"msft-pereira-google_5184689","damageLevel":"dano","rawLabel":"damaged","fieldValidated":false,"rawEventCode":null,"modelScore":0.7087557603686636}},{"type":"Feature","geometry":{"type":"Point","coordinates":[-75.73534786100498,4.799925539003224]},"properties":{"externalId":"msft-pereira-google_5184729","damageLevel":"dano","rawLabel":"damaged","fieldValidated":false,"rawEventCode":null,"modelScore":0.16636636636636637}},{"type":"Feature","geometry":{"type":"Point","coordinates":[-75.7360127005531,4.802485312670343]},"properties":{"externalId":"msft-pereira-google_5184903","damageLevel":"dano","rawLabel":"damaged","fieldValidated":false,"rawEventCode":null,"modelScore":0.11439114391143912}},{"type":"Feature","geometry":{"type":"Point","coordinates":[-75.73384112030277,4.812434630936631]},"properties":{"externalId":"msft-pereira-google_5185260","damageLevel":"dano","rawLabel":"damaged","fieldValidated":false,"rawEventCode":null,"modelScore":0.6097023153252481}},{"type":"Feature","geometry":{"type":"Point","coordinates":[-75.73378545287127,4.812440172518239]},"properties":{"externalId":"msft-pereira-google_5185261","damageLevel":"dano","rawLabel":"damaged","fieldValidated":false,"rawEventCode":null,"modelScore":0.7245714285714285}},{"type":"Feature","geometry":{"type":"Point","coordinates":[-75.73470048082659,4.812596794350451]},"properties":{"externalId":"msft-pereira-google_5185336","damageLevel":"dano","rawLabel":"damaged","fieldValidated":false,"rawEventCode":null,"modelScore":0.8601694915254238}},{"type":"Feature","geometry":{"type":"Point","coordinates":[-75.73101636110596,4.811524235910956]},"properties":{"externalId":"msft-pereira-google_5185515","damageLevel":"dano","rawLabel":"damaged","fieldValidated":false,"rawEventCode":null,"modelScore":0.14620840152755046}},{"type":"Feature","geometry":{"type":"Point","coordinates":[-75.73100732334869,4.811458610681662]},"properties":{"externalId":"msft-pereira-google_5185521","damageLevel":"dano","rawLabel":"damaged","fieldValidated":false,"rawEventCode":null,"modelScore":0.44695898161244696}},{"type":"Feature","geometry":{"type":"Point","coordinates":[-75.73402671788112,4.812277258728288]},"properties":{"externalId":"msft-pereira-google_5185979","damageLevel":"dano","rawLabel":"damaged","fieldValidated":false,"rawEventCode":null,"modelScore":0.14526779163609685}},{"type":"Feature","geometry":{"type":"Point","coordinates":[-75.73411773482181,4.812300179905677]},"properties":{"externalId":"msft-pereira-google_5185982","damageLevel":"dano","rawLabel":"damaged","fieldValidated":false,"rawEventCode":null,"modelScore":0.5160202360876898}},{"type":"Feature","geometry":{"type":"Point","coordinates":[-75.73403264553822,4.812350113073951]},"properties":{"externalId":"msft-pereira-google_5185985","damageLevel":"dano","rawLabel":"damaged","fieldValidated":false,"rawEventCode":null,"modelScore":0.5680473372781065}},{"type":"Feature","geometry":{"type":"Point","coordinates":[-75.7360859051724,4.805422923538305]},"properties":{"externalId":"msft-pereira-google_5186513","damageLevel":"dano","rawLabel":"damaged","fieldValidated":false,"rawEventCode":null,"modelScore":0.21766561514195584}},{"type":"Feature","geometry":{"type":"Point","coordinates":[-75.7360443417698,4.805515198867014]},"properties":{"externalId":"msft-pereira-google_5186515","damageLevel":"dano","rawLabel":"damaged","fieldValidated":false,"rawEventCode":null,"modelScore":0.8289473684210527}},{"type":"Feature","geometry":{"type":"Point","coordinates":[-75.73603509246705,4.805430749665337]},"properties":{"externalId":"msft-pereira-google_5186516","damageLevel":"dano","rawLabel":"damaged","fieldValidated":false,"rawEventCode":null,"modelScore":0.6290322580645161}},{"type":"Feature","geometry":{"type":"Point","coordinates":[-75.732051467,4.803178356500134]},"properties":{"externalId":"msft-pereira-google_5186871","damageLevel":"dano","rawLabel":"damaged","fieldValidated":false,"rawEventCode":null,"modelScore":0.23711340206185566}},{"type":"Feature","geometry":{"type":"Point","coordinates":[-75.73487898450244,4.796023959500675]},"properties":{"externalId":"msft-pereira-google_5188572","damageLevel":"dano","rawLabel":"damaged","fieldValidated":false,"rawEventCode":null,"modelScore":0.1677096370463079}},{"type":"Feature","geometry":{"type":"Point","coordinates":[-75.73895693150057,4.795589751500354]},"properties":{"externalId":"msft-pereira-google_5189131","damageLevel":"dano","rawLabel":"damaged","fieldValidated":false,"rawEventCode":null,"modelScore":0.3959537572254335}},{"type":"Feature","geometry":{"type":"Point","coordinates":[-75.73901600999834,4.795639141501169]},"properties":{"externalId":"msft-pereira-google_5189132","damageLevel":"dano","rawLabel":"damaged","fieldValidated":false,"rawEventCode":null,"modelScore":0.16326530612244897}},{"type":"Feature","geometry":{"type":"Point","coordinates":[-75.73930270454414,4.796078867691769]},"properties":{"externalId":"msft-pereira-google_5189153","damageLevel":"dano","rawLabel":"damaged","fieldValidated":false,"rawEventCode":null,"modelScore":0.14641744548286603}},{"type":"Feature","geometry":{"type":"Point","coordinates":[-75.73792850700057,4.798196312500206]},"properties":{"externalId":"msft-pereira-google_5189472","damageLevel":"dano","rawLabel":"damaged","fieldValidated":false,"rawEventCode":null,"modelScore":0.4323308270676692}},{"type":"Feature","geometry":{"type":"Point","coordinates":[-75.73786575000055,4.798257900000441]},"properties":{"externalId":"msft-pereira-google_5189474","damageLevel":"dano","rawLabel":"damaged","fieldValidated":false,"rawEventCode":null,"modelScore":0.32041343669250644}},{"type":"Feature","geometry":{"type":"Point","coordinates":[-75.73738552534807,4.798295040942505]},"properties":{"externalId":"msft-pereira-google_5189475","damageLevel":"dano","rawLabel":"damaged","fieldValidated":false,"rawEventCode":null,"modelScore":0.6883886255924171}},{"type":"Feature","geometry":{"type":"Point","coordinates":[-75.73781052499994,4.798303412000398]},"properties":{"externalId":"msft-pereira-google_5189498","damageLevel":"dano","rawLabel":"damaged","fieldValidated":false,"rawEventCode":null,"modelScore":0.14383561643835616}},{"type":"Feature","geometry":{"type":"Point","coordinates":[-75.73376658549995,4.800601134500178]},"properties":{"externalId":"msft-pereira-google_5189950","damageLevel":"dano","rawLabel":"damaged","fieldValidated":false,"rawEventCode":null,"modelScore":0.6702127659574468}},{"type":"Feature","geometry":{"type":"Point","coordinates":[-75.73731878050025,4.799694042000502]},"properties":{"externalId":"msft-pereira-google_5190010","damageLevel":"dano","rawLabel":"damaged","fieldValidated":false,"rawEventCode":null,"modelScore":0.3099273607748184}},{"type":"Feature","geometry":{"type":"Point","coordinates":[-75.73726671029942,4.799717604615014]},"properties":{"externalId":"msft-pereira-google_5190023","damageLevel":"dano","rawLabel":"damaged","fieldValidated":false,"rawEventCode":null,"modelScore":0.2853470437017995}},{"type":"Feature","geometry":{"type":"Point","coordinates":[-75.7362291515014,4.798847335001883]},"properties":{"externalId":"msft-pereira-google_5190088","damageLevel":"dano","rawLabel":"damaged","fieldValidated":false,"rawEventCode":null,"modelScore":0.5116666666666667}},{"type":"Feature","geometry":{"type":"Point","coordinates":[-75.73788137100016,4.79726108350039]},"properties":{"externalId":"msft-pereira-google_5190503","damageLevel":"dano","rawLabel":"damaged","fieldValidated":false,"rawEventCode":null,"modelScore":0.5234375}},{"type":"Feature","geometry":{"type":"Point","coordinates":[-75.73893271600231,4.797008845499566]},"properties":{"externalId":"msft-pereira-google_5190763","damageLevel":"dano","rawLabel":"damaged","fieldValidated":false,"rawEventCode":null,"modelScore":0.15681818181818183}},{"type":"Feature","geometry":{"type":"Point","coordinates":[-75.73869546163618,4.802781921651507]},"properties":{"externalId":"msft-pereira-google_5190917","damageLevel":"dano","rawLabel":"damaged","fieldValidated":false,"rawEventCode":null,"modelScore":0.14008179959100203}},{"type":"Feature","geometry":{"type":"Point","coordinates":[-75.73889181847628,4.805368389124007]},"properties":{"externalId":"msft-pereira-google_5191687","damageLevel":"dano","rawLabel":"damaged","fieldValidated":false,"rawEventCode":null,"modelScore":0.45509977827050996}},{"type":"Feature","geometry":{"type":"Point","coordinates":[-75.73606466388952,4.805493370953084]},"properties":{"externalId":"msft-pereira-google_5191747","damageLevel":"dano","rawLabel":"damaged","fieldValidated":false,"rawEventCode":null,"modelScore":0.7821428571428571}},{"type":"Feature","geometry":{"type":"Point","coordinates":[-75.73599517699199,4.805527725282092]},"properties":{"externalId":"msft-pereira-google_5191748","damageLevel":"dano","rawLabel":"damaged","fieldValidated":false,"rawEventCode":null,"modelScore":0.27927927927927926}},{"type":"Feature","geometry":{"type":"Point","coordinates":[-75.73596462824636,4.805512728700363]},"properties":{"externalId":"msft-pereira-google_5191749","damageLevel":"dano","rawLabel":"damaged","fieldValidated":false,"rawEventCode":null,"modelScore":0.15484633569739953}},{"type":"Feature","geometry":{"type":"Point","coordinates":[-75.73878580849464,4.805195284502867]},"properties":{"externalId":"msft-pereira-google_5191835","damageLevel":"dano","rawLabel":"damaged","fieldValidated":false,"rawEventCode":null,"modelScore":0.5640625}},{"type":"Feature","geometry":{"type":"Point","coordinates":[-75.73873496349472,4.805242054502896]},"properties":{"externalId":"msft-pereira-google_5191837","damageLevel":"dano","rawLabel":"damaged","fieldValidated":false,"rawEventCode":null,"modelScore":0.9985152190051967}},{"type":"Feature","geometry":{"type":"Point","coordinates":[-75.73856154250055,4.804973447000325]},"properties":{"externalId":"msft-pereira-google_5191860","damageLevel":"dano","rawLabel":"damaged","fieldValidated":false,"rawEventCode":null,"modelScore":0.6237623762376238}},{"type":"Feature","geometry":{"type":"Point","coordinates":[-75.73885763599723,4.805129214003329]},"properties":{"externalId":"msft-pereira-google_5191862","damageLevel":"dano","rawLabel":"damaged","fieldValidated":false,"rawEventCode":null,"modelScore":0.26787181594083814}},{"type":"Feature","geometry":{"type":"Point","coordinates":[-75.73464206400006,4.805183067000228]},"properties":{"externalId":"msft-pereira-google_5191936","damageLevel":"dano","rawLabel":"damaged","fieldValidated":false,"rawEventCode":null,"modelScore":0.6360294117647058}},{"type":"Feature","geometry":{"type":"Point","coordinates":[-75.72856999207042,4.784811751249838]},"properties":{"externalId":"msft-pereira-google_5193259","damageLevel":"dano","rawLabel":"damaged","fieldValidated":false,"rawEventCode":null,"modelScore":0.45}},{"type":"Feature","geometry":{"type":"Point","coordinates":[-75.7338550045001,4.782510717000646]},"properties":{"externalId":"msft-pereira-google_5193328","damageLevel":"dano","rawLabel":"damaged","fieldValidated":false,"rawEventCode":null,"modelScore":0.33116883116883117}},{"type":"Feature","geometry":{"type":"Point","coordinates":[-75.7393665500035,4.808539071005577]},"properties":{"externalId":"msft-pereira-google_5194249","damageLevel":"dano","rawLabel":"damaged","fieldValidated":false,"rawEventCode":null,"modelScore":0.12836767036450078}},{"type":"Feature","geometry":{"type":"Point","coordinates":[-75.74193835301925,4.803561842056282]},"properties":{"externalId":"msft-pereira-google_5194518","damageLevel":"dano","rawLabel":"damaged","fieldValidated":false,"rawEventCode":null,"modelScore":0.37844036697247707}},{"type":"Feature","geometry":{"type":"Point","coordinates":[-75.7417358260656,4.809149469295169]},"properties":{"externalId":"msft-pereira-google_5194654","damageLevel":"dano","rawLabel":"damaged","fieldValidated":false,"rawEventCode":null,"modelScore":0.1946230274693162}},{"type":"Feature","geometry":{"type":"Point","coordinates":[-75.74275768898733,4.804029332679533]},"properties":{"externalId":"msft-pereira-google_5194877","damageLevel":"dano","rawLabel":"damaged","fieldValidated":false,"rawEventCode":null,"modelScore":0.3032345013477089}},{"type":"Feature","geometry":{"type":"Point","coordinates":[-75.74275836513054,4.803991087876855]},"properties":{"externalId":"msft-pereira-google_5194888","damageLevel":"dano","rawLabel":"damaged","fieldValidated":false,"rawEventCode":null,"modelScore":0.10687022900763359}},{"type":"Feature","geometry":{"type":"Point","coordinates":[-75.73784485099974,4.789236934501617]},"properties":{"externalId":"msft-pereira-google_5195470","damageLevel":"dano","rawLabel":"damaged","fieldValidated":false,"rawEventCode":null,"modelScore":0.11868910540301152}},{"type":"Feature","geometry":{"type":"Point","coordinates":[-75.73292403400018,4.790685258500152]},"properties":{"externalId":"msft-pereira-google_5195764","damageLevel":"dano","rawLabel":"damaged","fieldValidated":false,"rawEventCode":null,"modelScore":0.27472527472527475}},{"type":"Feature","geometry":{"type":"Point","coordinates":[-75.74602242749995,4.789181192999836]},"properties":{"externalId":"msft-pereira-google_5196763","damageLevel":"dano","rawLabel":"damaged","fieldValidated":false,"rawEventCode":null,"modelScore":0.1085972850678733}},{"type":"Feature","geometry":{"type":"Point","coordinates":[-75.74596959887546,4.789056054770498]},"properties":{"externalId":"msft-pereira-google_5196793","damageLevel":"dano","rawLabel":"damaged","fieldValidated":false,"rawEventCode":null,"modelScore":0.14084507042253522}},{"type":"Feature","geometry":{"type":"Point","coordinates":[-75.74634917534658,4.790786658898183]},"properties":{"externalId":"msft-pereira-google_5196855","damageLevel":"dano","rawLabel":"damaged","fieldValidated":false,"rawEventCode":null,"modelScore":0.131439661256175}},{"type":"Feature","geometry":{"type":"Point","coordinates":[-75.74236530813411,4.799335682449414]},"properties":{"externalId":"msft-pereira-google_5197625","damageLevel":"dano","rawLabel":"damaged","fieldValidated":false,"rawEventCode":null,"modelScore":0.20423280423280424}},{"type":"Feature","geometry":{"type":"Point","coordinates":[-75.74575190095477,4.79709130009909]},"properties":{"externalId":"msft-pereira-google_5197748","damageLevel":"dano","rawLabel":"damaged","fieldValidated":false,"rawEventCode":null,"modelScore":0.6269592476489029}},{"type":"Feature","geometry":{"type":"Point","coordinates":[-75.74584913890472,4.797144261003827]},"properties":{"externalId":"msft-pereira-google_5197751","damageLevel":"dano","rawLabel":"damaged","fieldValidated":false,"rawEventCode":null,"modelScore":0.17772861356932154}},{"type":"Feature","geometry":{"type":"Point","coordinates":[-75.74046496519692,4.797650911947819]},"properties":{"externalId":"msft-pereira-google_5197844","damageLevel":"dano","rawLabel":"damaged","fieldValidated":false,"rawEventCode":null,"modelScore":0.16422287390029325}},{"type":"Feature","geometry":{"type":"Point","coordinates":[-75.7415767135013,4.794367393504036]},"properties":{"externalId":"msft-pereira-google_5198200","damageLevel":"dano","rawLabel":"damaged","fieldValidated":false,"rawEventCode":null,"modelScore":0.1066066066066066}},{"type":"Feature","geometry":{"type":"Point","coordinates":[-75.74150844899982,4.794462431999423]},"properties":{"externalId":"msft-pereira-google_5198201","damageLevel":"dano","rawLabel":"damaged","fieldValidated":false,"rawEventCode":null,"modelScore":0.46153846153846156}},{"type":"Feature","geometry":{"type":"Point","coordinates":[-75.73755682937276,4.807958348175229]},"properties":{"externalId":"msft-pereira-google_5198369","damageLevel":"dano","rawLabel":"damaged","fieldValidated":false,"rawEventCode":null,"modelScore":0.20276953511374876}},{"type":"Feature","geometry":{"type":"Point","coordinates":[-75.73203080220354,4.803139780989268]},"properties":{"externalId":"msft-pereira-google_5198398","damageLevel":"dano","rawLabel":"damaged","fieldValidated":false,"rawEventCode":null,"modelScore":0.10588235294117647}},{"type":"Feature","geometry":{"type":"Point","coordinates":[-75.73202202505286,4.803162427312834]},"properties":{"externalId":"msft-pereira-google_5198399","damageLevel":"dano","rawLabel":"damaged","fieldValidated":false,"rawEventCode":null,"modelScore":0.432258064516129}},{"type":"Feature","geometry":{"type":"Point","coordinates":[-75.74571230449997,4.799693477500452]},"properties":{"externalId":"msft-pereira-google_5199802","damageLevel":"dano","rawLabel":"damaged","fieldValidated":false,"rawEventCode":null,"modelScore":0.6176470588235294}},{"type":"Feature","geometry":{"type":"Point","coordinates":[-75.75004334336523,4.806014135920404]},"properties":{"externalId":"msft-pereira-google_5199964","damageLevel":"dano","rawLabel":"damaged","fieldValidated":false,"rawEventCode":null,"modelScore":0.3901734104046243}},{"type":"Feature","geometry":{"type":"Point","coordinates":[-75.75300797433242,4.795772490753644]},"properties":{"externalId":"msft-pereira-google_5202269","damageLevel":"dano","rawLabel":"damaged","fieldValidated":false,"rawEventCode":null,"modelScore":0.13606911447084233}},{"type":"Feature","geometry":{"type":"Point","coordinates":[-75.7498240203309,4.798224308642729]},"properties":{"externalId":"msft-pereira-google_5203346","damageLevel":"dano","rawLabel":"damaged","fieldValidated":false,"rawEventCode":null,"modelScore":0.8943781942078365}},{"type":"Feature","geometry":{"type":"Point","coordinates":[-75.7591623588297,4.80792054249399]},"properties":{"externalId":"msft-pereira-google_5203484","damageLevel":"dano","rawLabel":"damaged","fieldValidated":false,"rawEventCode":null,"modelScore":0.17817371937639198}},{"type":"Feature","geometry":{"type":"Point","coordinates":[-75.74997282807392,4.805229560622286]},"properties":{"externalId":"msft-pereira-google_5204038","damageLevel":"dano","rawLabel":"damaged","fieldValidated":false,"rawEventCode":null,"modelScore":0.38215276027224604}},{"type":"Feature","geometry":{"type":"Point","coordinates":[-75.74990567033936,4.805940936463793]},"properties":{"externalId":"msft-pereira-google_5204042","damageLevel":"dano","rawLabel":"damaged","fieldValidated":false,"rawEventCode":null,"modelScore":0.5518018018018018}},{"type":"Feature","geometry":{"type":"Point","coordinates":[-75.75451455050082,4.797224966500869]},"properties":{"externalId":"msft-pereira-google_5204096","damageLevel":"dano","rawLabel":"damaged","fieldValidated":false,"rawEventCode":null,"modelScore":0.47395171537484115}},{"type":"Feature","geometry":{"type":"Point","coordinates":[-75.69620102308075,4.828247880894453]},"properties":{"externalId":"msft-pereira-google_5204695","damageLevel":"dano","rawLabel":"damaged","fieldValidated":false,"rawEventCode":null,"modelScore":0.4694689008804317}},{"type":"Feature","geometry":{"type":"Point","coordinates":[-75.69616079050026,4.828393009000293]},"properties":{"externalId":"msft-pereira-google_5204700","damageLevel":"dano","rawLabel":"damaged","fieldValidated":false,"rawEventCode":null,"modelScore":0.12727272727272726}},{"type":"Feature","geometry":{"type":"Point","coordinates":[-75.69613385052891,4.828358549334837]},"properties":{"externalId":"msft-pereira-google_5204701","damageLevel":"dano","rawLabel":"damaged","fieldValidated":false,"rawEventCode":null,"modelScore":0.30612244897959184}},{"type":"Feature","geometry":{"type":"Point","coordinates":[-75.69803171878058,4.827080676072037]},"properties":{"externalId":"msft-pereira-google_5204913","damageLevel":"dano","rawLabel":"damaged","fieldValidated":false,"rawEventCode":null,"modelScore":1.0}},{"type":"Feature","geometry":{"type":"Point","coordinates":[-75.6979141885017,4.827111358500131]},"properties":{"externalId":"msft-pereira-google_5204918","damageLevel":"dano","rawLabel":"damaged","fieldValidated":false,"rawEventCode":null,"modelScore":0.27249683143219267}},{"type":"Feature","geometry":{"type":"Point","coordinates":[-75.69793509,4.826722703000492]},"properties":{"externalId":"msft-pereira-google_5204926","damageLevel":"dano","rawLabel":"damaged","fieldValidated":false,"rawEventCode":null,"modelScore":0.42178770949720673}},{"type":"Feature","geometry":{"type":"Point","coordinates":[-75.69795385917524,4.827033291525241]},"properties":{"externalId":"msft-pereira-google_5204933","damageLevel":"dano","rawLabel":"damaged","fieldValidated":false,"rawEventCode":null,"modelScore":0.6169429097605893}},{"type":"Feature","geometry":{"type":"Point","coordinates":[-75.69565669641749,4.827259752078339]},"properties":{"externalId":"msft-pereira-google_5205280","damageLevel":"dano","rawLabel":"damaged","fieldValidated":false,"rawEventCode":null,"modelScore":0.202576112412178}},{"type":"Feature","geometry":{"type":"Point","coordinates":[-75.69969132372847,4.828131188838827]},"properties":{"externalId":"msft-pereira-google_5206651","damageLevel":"dano","rawLabel":"damaged","fieldValidated":false,"rawEventCode":null,"modelScore":0.5854700854700855}},{"type":"Feature","geometry":{"type":"Point","coordinates":[-75.69956265783797,4.827997732773777]},"properties":{"externalId":"msft-pereira-google_5206659","damageLevel":"dano","rawLabel":"damaged","fieldValidated":false,"rawEventCode":null,"modelScore":0.1728395061728395}},{"type":"Feature","geometry":{"type":"Point","coordinates":[-75.69947013427263,4.827929019742556]},"properties":{"externalId":"msft-pereira-google_5206661","damageLevel":"dano","rawLabel":"damaged","fieldValidated":false,"rawEventCode":null,"modelScore":0.35181518151815183}},{"type":"Feature","geometry":{"type":"Point","coordinates":[-75.69946672270736,4.828300553374172]},"properties":{"externalId":"msft-pereira-google_5206669","damageLevel":"dano","rawLabel":"damaged","fieldValidated":false,"rawEventCode":null,"modelScore":0.7512562814070352}},{"type":"Feature","geometry":{"type":"Point","coordinates":[-75.69897618887804,4.828317887784428]},"properties":{"externalId":"msft-pereira-google_5206718","damageLevel":"dano","rawLabel":"damaged","fieldValidated":false,"rawEventCode":null,"modelScore":0.9407894736842105}},{"type":"Feature","geometry":{"type":"Point","coordinates":[-75.69921989286324,4.82824229993652]},"properties":{"externalId":"msft-pereira-google_5206722","damageLevel":"dano","rawLabel":"damaged","fieldValidated":false,"rawEventCode":null,"modelScore":0.26618705035971224}},{"type":"Feature","geometry":{"type":"Point","coordinates":[-75.6990322066371,4.82834961647475]},"properties":{"externalId":"msft-pereira-google_5206728","damageLevel":"dano","rawLabel":"damaged","fieldValidated":false,"rawEventCode":null,"modelScore":0.13648293963254593}},{"type":"Feature","geometry":{"type":"Point","coordinates":[-75.69903424372112,4.828278235449887]},"properties":{"externalId":"msft-pereira-google_5206736","damageLevel":"dano","rawLabel":"damaged","fieldValidated":false,"rawEventCode":null,"modelScore":0.3887240356083086}},{"type":"Feature","geometry":{"type":"Point","coordinates":[-75.69896082122033,4.828278897236403]},"properties":{"externalId":"msft-pereira-google_5206737","damageLevel":"dano","rawLabel":"damaged","fieldValidated":false,"rawEventCode":null,"modelScore":0.5819672131147541}},{"type":"Feature","geometry":{"type":"Point","coordinates":[-75.70075870800015,4.828286906000286]},"properties":{"externalId":"msft-pereira-google_5206763","damageLevel":"dano","rawLabel":"damaged","fieldValidated":false,"rawEventCode":null,"modelScore":0.6325088339222615}},{"type":"Feature","geometry":{"type":"Point","coordinates":[-75.70079913849997,4.828308412500147]},"properties":{"externalId":"msft-pereira-google_5206764","damageLevel":"dano","rawLabel":"damaged","fieldValidated":false,"rawEventCode":null,"modelScore":0.38461538461538464}},{"type":"Feature","geometry":{"type":"Point","coordinates":[-75.6997556112681,4.82819133207238]},"properties":{"externalId":"msft-pereira-google_5206793","damageLevel":"dano","rawLabel":"damaged","fieldValidated":false,"rawEventCode":null,"modelScore":0.2538860103626943}},{"type":"Feature","geometry":{"type":"Point","coordinates":[-75.69934649599927,4.828153413499895]},"properties":{"externalId":"msft-pereira-google_5206802","damageLevel":"dano","rawLabel":"damaged","fieldValidated":false,"rawEventCode":null,"modelScore":0.6965020576131687}},{"type":"Feature","geometry":{"type":"Point","coordinates":[-75.69935901238333,4.828077483704972]},"properties":{"externalId":"msft-pereira-google_5206804","damageLevel":"dano","rawLabel":"damaged","fieldValidated":false,"rawEventCode":null,"modelScore":0.28378378378378377}},{"type":"Feature","geometry":{"type":"Point","coordinates":[-75.69924951117426,4.828169745374028]},"properties":{"externalId":"msft-pereira-google_5206808","damageLevel":"dano","rawLabel":"damaged","fieldValidated":false,"rawEventCode":null,"modelScore":0.33280757097791797}},{"type":"Feature","geometry":{"type":"Point","coordinates":[-75.69907072416719,4.828189520323708]},"properties":{"externalId":"msft-pereira-google_5206812","damageLevel":"dano","rawLabel":"damaged","fieldValidated":false,"rawEventCode":null,"modelScore":0.11212814645308924}},{"type":"Feature","geometry":{"type":"Point","coordinates":[-75.699087035,4.828045779001166]},"properties":{"externalId":"msft-pereira-google_5206816","damageLevel":"dano","rawLabel":"damaged","fieldValidated":false,"rawEventCode":null,"modelScore":0.20382634289919058}},{"type":"Feature","geometry":{"type":"Point","coordinates":[-75.6990290265001,4.828146252500319]},"properties":{"externalId":"msft-pereira-google_5206820","damageLevel":"dano","rawLabel":"damaged","fieldValidated":false,"rawEventCode":null,"modelScore":0.8084291187739464}},{"type":"Feature","geometry":{"type":"Point","coordinates":[-75.69901251167923,4.828068237300228]},"properties":{"externalId":"msft-pereira-google_5206821","damageLevel":"dano","rawLabel":"damaged","fieldValidated":false,"rawEventCode":null,"modelScore":0.8125}},{"type":"Feature","geometry":{"type":"Point","coordinates":[-75.69896243480056,4.82808450762434]},"properties":{"externalId":"msft-pereira-google_5206823","damageLevel":"dano","rawLabel":"damaged","fieldValidated":false,"rawEventCode":null,"modelScore":0.5552282768777614}},{"type":"Feature","geometry":{"type":"Point","coordinates":[-75.70170895788218,4.827947613246173]},"properties":{"externalId":"msft-pereira-google_5206848","damageLevel":"dano","rawLabel":"damaged","fieldValidated":false,"rawEventCode":null,"modelScore":0.2280334728033473}},{"type":"Feature","geometry":{"type":"Point","coordinates":[-75.70033803284481,4.827755488973429]},"properties":{"externalId":"msft-pereira-google_5206911","damageLevel":"dano","rawLabel":"damaged","fieldValidated":false,"rawEventCode":null,"modelScore":0.5384138785625775}},{"type":"Feature","geometry":{"type":"Point","coordinates":[-75.70037180800058,4.827673391501168]},"properties":{"externalId":"msft-pereira-google_5206912","damageLevel":"dano","rawLabel":"damaged","fieldValidated":false,"rawEventCode":null,"modelScore":0.30269607843137253}},{"type":"Feature","geometry":{"type":"Point","coordinates":[-75.70026024720255,4.827703270967389]},"properties":{"externalId":"msft-pereira-google_5206918","damageLevel":"dano","rawLabel":"damaged","fieldValidated":false,"rawEventCode":null,"modelScore":0.1431316042267051}},{"type":"Feature","geometry":{"type":"Point","coordinates":[-75.70030573530929,4.827821996524376]},"properties":{"externalId":"msft-pereira-google_5206924","damageLevel":"dano","rawLabel":"damaged","fieldValidated":false,"rawEventCode":null,"modelScore":0.8390287769784173}},{"type":"Feature","geometry":{"type":"Point","coordinates":[-75.6995724610604,4.827901683497281]},"properties":{"externalId":"msft-pereira-google_5206950","damageLevel":"dano","rawLabel":"damaged","fieldValidated":false,"rawEventCode":null,"modelScore":0.6286594761171033}},{"type":"Feature","geometry":{"type":"Point","coordinates":[-75.70168702115919,4.828345144961697]},"properties":{"externalId":"msft-pereira-google_5207214","damageLevel":"dano","rawLabel":"damaged","fieldValidated":false,"rawEventCode":null,"modelScore":0.29874213836477986}},{"type":"Feature","geometry":{"type":"Point","coordinates":[-75.70130168999991,4.826807327000079]},"properties":{"externalId":"msft-pereira-google_5207234","damageLevel":"dano","rawLabel":"damaged","fieldValidated":false,"rawEventCode":null,"modelScore":0.6869158878504673}},{"type":"Feature","geometry":{"type":"Point","coordinates":[-75.69931962050029,4.821835148000157]},"properties":{"externalId":"msft-pereira-google_5207572","damageLevel":"dano","rawLabel":"damaged","fieldValidated":false,"rawEventCode":null,"modelScore":0.7732342007434945}},{"type":"Feature","geometry":{"type":"Point","coordinates":[-75.69926897093251,4.821828324693856]},"properties":{"externalId":"msft-pereira-google_5207580","damageLevel":"dano","rawLabel":"damaged","fieldValidated":false,"rawEventCode":null,"modelScore":0.12608695652173912}},{"type":"Feature","geometry":{"type":"Point","coordinates":[-75.7040590217158,4.821830872058037]},"properties":{"externalId":"msft-pereira-google_5207719","damageLevel":"dano","rawLabel":"damaged","fieldValidated":false,"rawEventCode":null,"modelScore":0.13486005089058525}},{"type":"Feature","geometry":{"type":"Point","coordinates":[-75.70576018318437,4.822167696457351]},"properties":{"externalId":"msft-pereira-google_5207955","damageLevel":"dano","rawLabel":"damaged","fieldValidated":false,"rawEventCode":null,"modelScore":0.11568938193343899}},{"type":"Feature","geometry":{"type":"Point","coordinates":[-75.7057230087594,4.822258381375425]},"properties":{"externalId":"msft-pereira-google_5207956","damageLevel":"dano","rawLabel":"damaged","fieldValidated":false,"rawEventCode":null,"modelScore":0.4383116883116883}},{"type":"Feature","geometry":{"type":"Point","coordinates":[-75.70647007081546,4.827712929980905]},"properties":{"externalId":"msft-pereira-google_5208055","damageLevel":"dano","rawLabel":"damaged","fieldValidated":false,"rawEventCode":null,"modelScore":0.26009693053311794}},{"type":"Feature","geometry":{"type":"Point","coordinates":[-75.706780035,4.827671854500083]},"properties":{"externalId":"msft-pereira-google_5208351","damageLevel":"dano","rawLabel":"damaged","fieldValidated":false,"rawEventCode":null,"modelScore":0.9247311827956989}},{"type":"Feature","geometry":{"type":"Point","coordinates":[-75.70893254353928,4.821175221596184]},"properties":{"externalId":"msft-pereira-google_5208410","damageLevel":"dano","rawLabel":"damaged","fieldValidated":false,"rawEventCode":null,"modelScore":0.16770833333333332}},{"type":"Feature","geometry":{"type":"Point","coordinates":[-75.70885557417441,4.821110984975622]},"properties":{"externalId":"msft-pereira-google_5208423","damageLevel":"dano","rawLabel":"damaged","fieldValidated":false,"rawEventCode":null,"modelScore":0.20884520884520885}},{"type":"Feature","geometry":{"type":"Point","coordinates":[-75.709212614,4.82480825150023]},"properties":{"externalId":"msft-pereira-google_5208476","damageLevel":"dano","rawLabel":"damaged","fieldValidated":false,"rawEventCode":null,"modelScore":0.39285714285714285}},{"type":"Feature","geometry":{"type":"Point","coordinates":[-75.7090923919994,4.82376548900033]},"properties":{"externalId":"msft-pereira-google_5208480","damageLevel":"dano","rawLabel":"damaged","fieldValidated":false,"rawEventCode":null,"modelScore":0.6253869969040248}},{"type":"Feature","geometry":{"type":"Point","coordinates":[-75.70899795199868,4.824759459002413]},"properties":{"externalId":"msft-pereira-google_5208518","damageLevel":"dano","rawLabel":"damaged","fieldValidated":false,"rawEventCode":null,"modelScore":0.19458544839255498}},{"type":"Feature","geometry":{"type":"Point","coordinates":[-75.70905633599953,4.823713103500448]},"properties":{"externalId":"msft-pereira-google_5208520","damageLevel":"dano","rawLabel":"damaged","fieldValidated":false,"rawEventCode":null,"modelScore":0.3194444444444444}},{"type":"Feature","geometry":{"type":"Point","coordinates":[-75.7097807791679,4.819759059022814]},"properties":{"externalId":"msft-pereira-google_5208768","damageLevel":"dano","rawLabel":"damaged","fieldValidated":false,"rawEventCode":null,"modelScore":0.24451754385964913}},{"type":"Feature","geometry":{"type":"Point","coordinates":[-75.7098414398367,4.819810851962449]},"properties":{"externalId":"msft-pereira-google_5208773","damageLevel":"dano","rawLabel":"damaged","fieldValidated":false,"rawEventCode":null,"modelScore":0.7688243064729194}},{"type":"Feature","geometry":{"type":"Point","coordinates":[-75.71065089575875,4.825943657104945]},"properties":{"externalId":"msft-pereira-google_5208888","damageLevel":"dano","rawLabel":"damaged","fieldValidated":false,"rawEventCode":null,"modelScore":0.11398963730569948}},{"type":"Feature","geometry":{"type":"Point","coordinates":[-75.70930488062511,4.821175409059586]},"properties":{"externalId":"msft-pereira-google_5208913","damageLevel":"dano","rawLabel":"damaged","fieldValidated":false,"rawEventCode":null,"modelScore":0.2200488997555012}},{"type":"Feature","geometry":{"type":"Point","coordinates":[-75.72772506450052,4.824936166499185]},"properties":{"externalId":"msft-pereira-google_5208976","damageLevel":"dano","rawLabel":"damaged","fieldValidated":false,"rawEventCode":null,"modelScore":0.11423220973782772}},{"type":"Feature","geometry":{"type":"Point","coordinates":[-75.72856664038457,4.827988228630494]},"properties":{"externalId":"msft-pereira-google_5209086","damageLevel":"dano","rawLabel":"damaged","fieldValidated":false,"rawEventCode":null,"modelScore":0.24721603563474387}},{"type":"Feature","geometry":{"type":"Point","coordinates":[-75.72938741850156,4.826410993501396]},"properties":{"externalId":"msft-pereira-google_5209361","damageLevel":"dano","rawLabel":"damaged","fieldValidated":false,"rawEventCode":null,"modelScore":0.23036093418259024}},{"type":"Feature","geometry":{"type":"Point","coordinates":[-75.72944647533018,4.826461121010597]},"properties":{"externalId":"msft-pereira-google_5209363","damageLevel":"dano","rawLabel":"damaged","fieldValidated":false,"rawEventCode":null,"modelScore":0.24789410348977137}},{"type":"Feature","geometry":{"type":"Point","coordinates":[-75.73377472283902,4.826222006485875]},"properties":{"externalId":"msft-pereira-google_5209388","damageLevel":"dano","rawLabel":"damaged","fieldValidated":false,"rawEventCode":null,"modelScore":0.4861111111111111}},{"type":"Feature","geometry":{"type":"Point","coordinates":[-75.72991629999939,4.825901]},"properties":{"externalId":"msft-pereira-google_5209453","damageLevel":"dano","rawLabel":"damaged","fieldValidated":false,"rawEventCode":null,"modelScore":1.0}},{"type":"Feature","geometry":{"type":"Point","coordinates":[-75.7299514450467,4.825893984702154]},"properties":{"externalId":"msft-pereira-google_5209460","damageLevel":"dano","rawLabel":"damaged","fieldValidated":false,"rawEventCode":null,"modelScore":1.0}},{"type":"Feature","geometry":{"type":"Point","coordinates":[-75.72872623684562,4.825238317659281]},"properties":{"externalId":"msft-pereira-google_5209694","damageLevel":"dano","rawLabel":"damaged","fieldValidated":false,"rawEventCode":null,"modelScore":0.11620111731843576}},{"type":"Feature","geometry":{"type":"Point","coordinates":[-75.70090992353052,4.833706624233414]},"properties":{"externalId":"msft-pereira-google_5220916","damageLevel":"dano","rawLabel":"damaged","fieldValidated":false,"rawEventCode":null,"modelScore":0.2301389383683648}},{"type":"Feature","geometry":{"type":"Point","coordinates":[-75.69590588206172,4.828898638659507]},"properties":{"externalId":"msft-pereira-google_5221169","damageLevel":"dano","rawLabel":"damaged","fieldValidated":false,"rawEventCode":null,"modelScore":0.14962593516209477}},{"type":"Feature","geometry":{"type":"Point","coordinates":[-75.69674143699994,4.828907657000186]},"properties":{"externalId":"msft-pereira-google_5221173","damageLevel":"dano","rawLabel":"damaged","fieldValidated":false,"rawEventCode":null,"modelScore":0.4279835390946502}},{"type":"Feature","geometry":{"type":"Point","coordinates":[-75.69660009515354,4.829427645734135]},"properties":{"externalId":"msft-pereira-google_5221191","damageLevel":"dano","rawLabel":"damaged","fieldValidated":false,"rawEventCode":null,"modelScore":0.10198300283286119}},{"type":"Feature","geometry":{"type":"Point","coordinates":[-75.69660359561244,4.829469254810764]},"properties":{"externalId":"msft-pereira-google_5221193","damageLevel":"dano","rawLabel":"damaged","fieldValidated":false,"rawEventCode":null,"modelScore":0.514367816091954}},{"type":"Feature","geometry":{"type":"Point","coordinates":[-75.69639438001184,4.828968764492929]},"properties":{"externalId":"msft-pereira-google_5221197","damageLevel":"dano","rawLabel":"damaged","fieldValidated":false,"rawEventCode":null,"modelScore":0.15636262822289992}},{"type":"Feature","geometry":{"type":"Point","coordinates":[-75.69803672750021,4.830900471501365]},"properties":{"externalId":"msft-pereira-google_5221317","damageLevel":"dano","rawLabel":"damaged","fieldValidated":false,"rawEventCode":null,"modelScore":0.2898761835396941}},{"type":"Feature","geometry":{"type":"Point","coordinates":[-75.69775179599908,4.830564553500023]},"properties":{"externalId":"msft-pereira-google_5221337","damageLevel":"dano","rawLabel":"damaged","fieldValidated":false,"rawEventCode":null,"modelScore":0.11934156378600823}},{"type":"Feature","geometry":{"type":"Point","coordinates":[-75.70013742942224,4.835938811097327]},"properties":{"externalId":"msft-pereira-google_5221347","damageLevel":"dano","rawLabel":"damaged","fieldValidated":false,"rawEventCode":null,"modelScore":0.6396917148362236}},{"type":"Feature","geometry":{"type":"Point","coordinates":[-75.70468503993496,4.829614366918412]},"properties":{"externalId":"msft-pereira-google_5221827","damageLevel":"dano","rawLabel":"damaged","fieldValidated":false,"rawEventCode":null,"modelScore":0.14187927815805848}},{"type":"Feature","geometry":{"type":"Point","coordinates":[-75.7047541991848,4.830057297950062]},"properties":{"externalId":"msft-pereira-google_5221838","damageLevel":"dano","rawLabel":"damaged","fieldValidated":false,"rawEventCode":null,"modelScore":0.1323529411764706}},{"type":"Feature","geometry":{"type":"Point","coordinates":[-75.70482707642697,4.829669339848778]},"properties":{"externalId":"msft-pereira-google_5221841","damageLevel":"dano","rawLabel":"damaged","fieldValidated":false,"rawEventCode":null,"modelScore":0.2924901185770751}},{"type":"Feature","geometry":{"type":"Point","coordinates":[-75.72610020991115,4.825206458770987]},"properties":{"externalId":"msft-pereira-google_5222082","damageLevel":"dano","rawLabel":"damaged","fieldValidated":false,"rawEventCode":null,"modelScore":0.2578397212543554}},{"type":"Feature","geometry":{"type":"Point","coordinates":[-75.73803343649982,4.821865173500911]},"properties":{"externalId":"msft-pereira-google_5223153","damageLevel":"dano","rawLabel":"damaged","fieldValidated":false,"rawEventCode":null,"modelScore":0.17792421746293247}},{"type":"Feature","geometry":{"type":"Point","coordinates":[-75.73799867699937,4.821915001500824]},"properties":{"externalId":"msft-pereira-google_5223155","damageLevel":"dano","rawLabel":"damaged","fieldValidated":false,"rawEventCode":null,"modelScore":0.38046272493573263}},{"type":"Feature","geometry":{"type":"Point","coordinates":[-75.73746410400032,4.824482497499557]},"properties":{"externalId":"msft-pereira-google_5223632","damageLevel":"dano","rawLabel":"damaged","fieldValidated":false,"rawEventCode":null,"modelScore":0.5993377483443708}},{"type":"Feature","geometry":{"type":"Point","coordinates":[-75.73369735850025,4.823721470004347]},"properties":{"externalId":"msft-pereira-google_5223685","damageLevel":"dano","rawLabel":"damaged","fieldValidated":false,"rawEventCode":null,"modelScore":0.1935275080906149}},{"type":"Feature","geometry":{"type":"Point","coordinates":[-75.7381364805009,4.823083163000851]},"properties":{"externalId":"msft-pereira-google_5223759","damageLevel":"dano","rawLabel":"damaged","fieldValidated":false,"rawEventCode":null,"modelScore":0.18164435946462715}},{"type":"Feature","geometry":{"type":"Point","coordinates":[-75.73821323750097,4.823130912000788]},"properties":{"externalId":"msft-pereira-google_5223762","damageLevel":"dano","rawLabel":"damaged","fieldValidated":false,"rawEventCode":null,"modelScore":0.12352941176470589}},{"type":"Feature","geometry":{"type":"Point","coordinates":[-75.69596069499588,4.828799171504758]},"properties":{"externalId":"msft-pereira-google_5230833","damageLevel":"dano","rawLabel":"damaged","fieldValidated":false,"rawEventCode":null,"modelScore":0.3034450212364323}},{"type":"Feature","geometry":{"type":"Point","coordinates":[-75.69606247632865,4.828865939917406]},"properties":{"externalId":"msft-pereira-google_5230835","damageLevel":"dano","rawLabel":"damaged","fieldValidated":false,"rawEventCode":null,"modelScore":0.20698924731182797}},{"type":"Feature","geometry":{"type":"Point","coordinates":[-75.69568351578593,4.827302529283325]},"properties":{"externalId":"msft-pereira-google_5231677","damageLevel":"dano","rawLabel":"damaged","fieldValidated":false,"rawEventCode":null,"modelScore":0.24921630094043887}},{"type":"Feature","geometry":{"type":"Point","coordinates":[-75.71019855558198,4.830366231818015]},"properties":{"externalId":"msft-pereira-google_5233335","damageLevel":"dano","rawLabel":"damaged","fieldValidated":false,"rawEventCode":null,"modelScore":0.2660098522167488}},{"type":"Feature","geometry":{"type":"Point","coordinates":[-75.72570947500029,4.829309948500634]},"properties":{"externalId":"msft-pereira-google_5234160","damageLevel":"dano","rawLabel":"damaged","fieldValidated":false,"rawEventCode":null,"modelScore":0.11764705882352941}},{"type":"Feature","geometry":{"type":"Point","coordinates":[-75.72573212100008,4.829338282000289]},"properties":{"externalId":"msft-pereira-google_5234174","damageLevel":"dano","rawLabel":"damaged","fieldValidated":false,"rawEventCode":null,"modelScore":0.5463414634146342}},{"type":"Feature","geometry":{"type":"Point","coordinates":[-75.75816171889532,4.834612416425744]},"properties":{"externalId":"msft-pereira-google_5234872","damageLevel":"dano","rawLabel":"damaged","fieldValidated":false,"rawEventCode":null,"modelScore":0.22502172024326672}},{"type":"Feature","geometry":{"type":"Point","coordinates":[-75.73398346472874,4.823734374620975]},"properties":{"externalId":"msft-pereira-google_5236221","damageLevel":"dano","rawLabel":"damaged","fieldValidated":false,"rawEventCode":null,"modelScore":0.13865546218487396}},{"type":"Feature","geometry":{"type":"Point","coordinates":[-75.71351548849945,4.819031672999089]},"properties":{"externalId":"msft-pereira-google_5236901","damageLevel":"dano","rawLabel":"damaged","fieldValidated":false,"rawEventCode":null,"modelScore":0.31363636363636366}},{"type":"Feature","geometry":{"type":"Point","coordinates":[-75.71118692646341,4.81889310278667]},"properties":{"externalId":"msft-pereira-google_5236937","damageLevel":"dano","rawLabel":"damaged","fieldValidated":false,"rawEventCode":null,"modelScore":0.25833333333333336}},{"type":"Feature","geometry":{"type":"Point","coordinates":[-75.71165099295152,4.823165382289512]},"properties":{"externalId":"msft-pereira-google_5236963","damageLevel":"dano","rawLabel":"damaged","fieldValidated":false,"rawEventCode":null,"modelScore":0.8376068376068376}},{"type":"Feature","geometry":{"type":"Point","coordinates":[-75.71164405941448,4.823278931791156]},"properties":{"externalId":"msft-pereira-google_5236967","damageLevel":"dano","rawLabel":"damaged","fieldValidated":false,"rawEventCode":null,"modelScore":0.21608040201005024}},{"type":"Feature","geometry":{"type":"Point","coordinates":[-75.71158346483034,4.823528317485906]},"properties":{"externalId":"msft-pereira-google_5236980","damageLevel":"dano","rawLabel":"damaged","fieldValidated":false,"rawEventCode":null,"modelScore":0.12159329140461216}},{"type":"Feature","geometry":{"type":"Point","coordinates":[-75.7124062074994,4.81995812950048]},"properties":{"externalId":"msft-pereira-google_5237033","damageLevel":"dano","rawLabel":"damaged","fieldValidated":false,"rawEventCode":null,"modelScore":0.7364705882352941}},{"type":"Feature","geometry":{"type":"Point","coordinates":[-75.71243366100003,4.820032827500264]},"properties":{"externalId":"msft-pereira-google_5237035","damageLevel":"dano","rawLabel":"damaged","fieldValidated":false,"rawEventCode":null,"modelScore":0.15708812260536398}},{"type":"Feature","geometry":{"type":"Point","coordinates":[-75.71237975589287,4.819910555313452]},"properties":{"externalId":"msft-pereira-google_5237052","damageLevel":"dano","rawLabel":"damaged","fieldValidated":false,"rawEventCode":null,"modelScore":0.3157894736842105}},{"type":"Feature","geometry":{"type":"Point","coordinates":[-75.71316343049935,4.822281182001096]},"properties":{"externalId":"msft-pereira-google_5237178","damageLevel":"dano","rawLabel":"damaged","fieldValidated":false,"rawEventCode":null,"modelScore":0.30522088353413657}},{"type":"Feature","geometry":{"type":"Point","coordinates":[-75.71277538413432,4.820928091794457]},"properties":{"externalId":"msft-pereira-google_5237237","damageLevel":"dano","rawLabel":"damaged","fieldValidated":false,"rawEventCode":null,"modelScore":0.2603305785123967}},{"type":"Feature","geometry":{"type":"Point","coordinates":[-75.71359255581203,4.822092818732207]},"properties":{"externalId":"msft-pereira-google_5237310","damageLevel":"dano","rawLabel":"damaged","fieldValidated":false,"rawEventCode":null,"modelScore":0.9655990510083037}},{"type":"Feature","geometry":{"type":"Point","coordinates":[-75.7024693840394,4.81846520676979]},"properties":{"externalId":"msft-pereira-google_5238203","damageLevel":"dano","rawLabel":"damaged","fieldValidated":false,"rawEventCode":null,"modelScore":0.12804399057344854}},{"type":"Feature","geometry":{"type":"Point","coordinates":[-75.6991520905001,4.819323259000629]},"properties":{"externalId":"msft-pereira-google_5238306","damageLevel":"dano","rawLabel":"damaged","fieldValidated":false,"rawEventCode":null,"modelScore":0.12702702702702703}},{"type":"Feature","geometry":{"type":"Point","coordinates":[-75.69524541800159,4.823507331501275]},"properties":{"externalId":"msft-pereira-google_5238544","damageLevel":"dano","rawLabel":"damaged","fieldValidated":false,"rawEventCode":null,"modelScore":1.0}},{"type":"Feature","geometry":{"type":"Point","coordinates":[-75.69529347925683,4.823555236392238]},"properties":{"externalId":"msft-pereira-google_5238545","damageLevel":"dano","rawLabel":"damaged","fieldValidated":false,"rawEventCode":null,"modelScore":0.5062761506276151}},{"type":"Feature","geometry":{"type":"Point","coordinates":[-75.69672749550016,4.821756632500343]},"properties":{"externalId":"msft-pereira-google_5238637","damageLevel":"dano","rawLabel":"damaged","fieldValidated":false,"rawEventCode":null,"modelScore":0.6525096525096525}},{"type":"Feature","geometry":{"type":"Point","coordinates":[-75.6967246277326,4.821719774943191]},"properties":{"externalId":"msft-pereira-google_5238750","damageLevel":"dano","rawLabel":"damaged","fieldValidated":false,"rawEventCode":null,"modelScore":0.8539325842696629}},{"type":"Feature","geometry":{"type":"Point","coordinates":[-75.69314150672484,4.820644766972666]},"properties":{"externalId":"msft-pereira-google_5238823","damageLevel":"dano","rawLabel":"damaged","fieldValidated":false,"rawEventCode":null,"modelScore":0.6441881100266194}},{"type":"Feature","geometry":{"type":"Point","coordinates":[-75.69302353225915,4.82064448192245]},"properties":{"externalId":"msft-pereira-google_5238825","damageLevel":"dano","rawLabel":"damaged","fieldValidated":false,"rawEventCode":null,"modelScore":0.11482254697286012}},{"type":"Feature","geometry":{"type":"Point","coordinates":[-75.69488568750016,4.820997505500398]},"properties":{"externalId":"msft-pereira-google_5238860","damageLevel":"dano","rawLabel":"damaged","fieldValidated":false,"rawEventCode":null,"modelScore":0.4377104377104377}},{"type":"Feature","geometry":{"type":"Point","coordinates":[-75.69331437550024,4.820178049502044]},"properties":{"externalId":"msft-pereira-google_5239106","damageLevel":"dano","rawLabel":"damaged","fieldValidated":false,"rawEventCode":null,"modelScore":0.2123222748815166}},{"type":"Feature","geometry":{"type":"Point","coordinates":[-75.69684641776476,4.81886415019001]},"properties":{"externalId":"msft-pereira-google_5239302","damageLevel":"dano","rawLabel":"damaged","fieldValidated":false,"rawEventCode":null,"modelScore":0.1049452623631559}},{"type":"Feature","geometry":{"type":"Point","coordinates":[-75.6968166104795,4.81877204474314]},"properties":{"externalId":"msft-pereira-google_5239307","damageLevel":"dano","rawLabel":"damaged","fieldValidated":false,"rawEventCode":null,"modelScore":0.14285714285714285}},{"type":"Feature","geometry":{"type":"Point","coordinates":[-75.69383480466306,4.819184503778037]},"properties":{"externalId":"msft-pereira-google_5239426","damageLevel":"dano","rawLabel":"damaged","fieldValidated":false,"rawEventCode":null,"modelScore":0.16152362584378013}},{"type":"Feature","geometry":{"type":"Point","coordinates":[-75.71653974650137,4.817968161000922]},"properties":{"externalId":"msft-pereira-google_5241099","damageLevel":"dano","rawLabel":"damaged","fieldValidated":false,"rawEventCode":null,"modelScore":0.17004680187207488}},{"type":"Feature","geometry":{"type":"Point","coordinates":[-75.71658696733898,4.81800975849059]},"properties":{"externalId":"msft-pereira-google_5241102","damageLevel":"dano","rawLabel":"damaged","fieldValidated":false,"rawEventCode":null,"modelScore":0.11781609195402298}},{"type":"Feature","geometry":{"type":"Point","coordinates":[-75.7166486265012,4.817927197501001]},"properties":{"externalId":"msft-pereira-google_5241114","damageLevel":"dano","rawLabel":"damaged","fieldValidated":false,"rawEventCode":null,"modelScore":0.44342105263157894}},{"type":"Feature","geometry":{"type":"Point","coordinates":[-75.70514220582702,4.817708104021278]},"properties":{"externalId":"msft-pereira-google_5241242","damageLevel":"dano","rawLabel":"damaged","fieldValidated":false,"rawEventCode":null,"modelScore":0.3130968622100955}},{"type":"Feature","geometry":{"type":"Point","coordinates":[-75.71628294514795,4.818521263199403]},"properties":{"externalId":"msft-pereira-google_5241744","damageLevel":"dano","rawLabel":"damaged","fieldValidated":false,"rawEventCode":null,"modelScore":0.39946380697050937}},{"type":"Feature","geometry":{"type":"Point","coordinates":[-75.7119767420006,4.816228237002264]},"properties":{"externalId":"msft-pereira-google_5242055","damageLevel":"dano","rawLabel":"damaged","fieldValidated":false,"rawEventCode":null,"modelScore":0.13345410628019325}},{"type":"Feature","geometry":{"type":"Point","coordinates":[-75.70848362302655,4.816115175937964]},"properties":{"externalId":"msft-pereira-google_5242161","damageLevel":"dano","rawLabel":"damaged","fieldValidated":false,"rawEventCode":null,"modelScore":0.16968625718073355}},{"type":"Feature","geometry":{"type":"Point","coordinates":[-75.71159981889107,4.817021824517412]},"properties":{"externalId":"msft-pereira-google_5242215","damageLevel":"dano","rawLabel":"damaged","fieldValidated":false,"rawEventCode":null,"modelScore":0.3191911181601903}},{"type":"Feature","geometry":{"type":"Point","coordinates":[-75.71303696281205,4.816409307629018]},"properties":{"externalId":"msft-pereira-google_5242267","damageLevel":"dano","rawLabel":"damaged","fieldValidated":false,"rawEventCode":null,"modelScore":0.13982608695652174}},{"type":"Feature","geometry":{"type":"Point","coordinates":[-75.69268271238046,4.82053462624352]},"properties":{"externalId":"msft-pereira-google_5242605","damageLevel":"dano","rawLabel":"damaged","fieldValidated":false,"rawEventCode":null,"modelScore":0.14919852034525277}},{"type":"Feature","geometry":{"type":"Point","coordinates":[-75.69862485438527,4.816429561735782]},"properties":{"externalId":"msft-pereira-google_5245780","damageLevel":"dano","rawLabel":"damaged","fieldValidated":false,"rawEventCode":null,"modelScore":0.16640746500777606}},{"type":"Feature","geometry":{"type":"Point","coordinates":[-75.69658053939958,4.815760360220775]},"properties":{"externalId":"msft-pereira-google_5245858","damageLevel":"dano","rawLabel":"damaged","fieldValidated":false,"rawEventCode":null,"modelScore":0.17755443886097153}},{"type":"Feature","geometry":{"type":"Point","coordinates":[-75.69554197014762,4.808456804730692]},"properties":{"externalId":"msft-pereira-google_5246078","damageLevel":"dano","rawLabel":"damaged","fieldValidated":false,"rawEventCode":null,"modelScore":0.3087683384510406}},{"type":"Feature","geometry":{"type":"Point","coordinates":[-75.69516852912233,4.807608199822619]},"properties":{"externalId":"msft-pereira-google_5246083","damageLevel":"dano","rawLabel":"damaged","fieldValidated":false,"rawEventCode":null,"modelScore":0.2897727272727273}},{"type":"Feature","geometry":{"type":"Point","coordinates":[-75.69332373050636,4.814478594687804]},"properties":{"externalId":"msft-pereira-google_5246177","damageLevel":"dano","rawLabel":"damaged","fieldValidated":false,"rawEventCode":null,"modelScore":0.9003397508493771}},{"type":"Feature","geometry":{"type":"Point","coordinates":[-75.69383976500026,4.811564701000737]},"properties":{"externalId":"msft-pereira-google_5246243","damageLevel":"dano","rawLabel":"damaged","fieldValidated":false,"rawEventCode":null,"modelScore":0.6153039832285115}},{"type":"Feature","geometry":{"type":"Point","coordinates":[-75.69392271227221,4.811574391859135]},"properties":{"externalId":"msft-pereira-google_5246244","damageLevel":"dano","rawLabel":"damaged","fieldValidated":false,"rawEventCode":null,"modelScore":0.5568181818181818}},{"type":"Feature","geometry":{"type":"Point","coordinates":[-75.69380035000066,4.811389199999794]},"properties":{"externalId":"msft-pereira-google_5246414","damageLevel":"dano","rawLabel":"damaged","fieldValidated":false,"rawEventCode":null,"modelScore":0.7100431965442765}},{"type":"Feature","geometry":{"type":"Point","coordinates":[-75.6937532843451,4.809688811022536]},"properties":{"externalId":"msft-pereira-google_5246415","damageLevel":"dano","rawLabel":"damaged","fieldValidated":false,"rawEventCode":null,"modelScore":0.14551282051282052}},{"type":"Feature","geometry":{"type":"Point","coordinates":[-75.69322994272844,4.810100998545919]},"properties":{"externalId":"msft-pereira-google_5246421","damageLevel":"dano","rawLabel":"damaged","fieldValidated":false,"rawEventCode":null,"modelScore":0.6064757160647571}},{"type":"Feature","geometry":{"type":"Point","coordinates":[-75.69323746478295,4.810032028983606]},"properties":{"externalId":"msft-pereira-google_5246428","damageLevel":"dano","rawLabel":"damaged","fieldValidated":false,"rawEventCode":null,"modelScore":0.8822246455834242}},{"type":"Feature","geometry":{"type":"Point","coordinates":[-75.69811413729772,4.809442402663301]},"properties":{"externalId":"msft-pereira-google_5246892","damageLevel":"dano","rawLabel":"damaged","fieldValidated":false,"rawEventCode":null,"modelScore":0.2436500470366886}},{"type":"Feature","geometry":{"type":"Point","coordinates":[-75.69808784299985,4.809649050500524]},"properties":{"externalId":"msft-pereira-google_5246893","damageLevel":"dano","rawLabel":"damaged","fieldValidated":false,"rawEventCode":null,"modelScore":0.9252747252747253}},{"type":"Feature","geometry":{"type":"Point","coordinates":[-75.69798079050018,4.808388347501673]},"properties":{"externalId":"msft-pereira-google_5247040","damageLevel":"dano","rawLabel":"damaged","fieldValidated":false,"rawEventCode":null,"modelScore":0.9751434034416826}},{"type":"Feature","geometry":{"type":"Point","coordinates":[-75.69940759431293,4.815081811732204]},"properties":{"externalId":"msft-pereira-google_5247167","damageLevel":"dano","rawLabel":"damaged","fieldValidated":false,"rawEventCode":null,"modelScore":0.4588313413014608}},{"type":"Feature","geometry":{"type":"Point","coordinates":[-75.70523135933381,4.814776854998525]},"properties":{"externalId":"msft-pereira-google_5247388","damageLevel":"dano","rawLabel":"damaged","fieldValidated":false,"rawEventCode":null,"modelScore":0.6793422404933196}},{"type":"Feature","geometry":{"type":"Point","coordinates":[-75.7052062920001,4.814900285001836]},"properties":{"externalId":"msft-pereira-google_5247389","damageLevel":"dano","rawLabel":"damaged","fieldValidated":false,"rawEventCode":null,"modelScore":0.1921641791044776}},{"type":"Feature","geometry":{"type":"Point","coordinates":[-75.70510336826231,4.81478461494762]},"properties":{"externalId":"msft-pereira-google_5247391","damageLevel":"dano","rawLabel":"damaged","fieldValidated":false,"rawEventCode":null,"modelScore":0.16770186335403728}},{"type":"Feature","geometry":{"type":"Point","coordinates":[-75.70715325000035,4.809510250000192]},"properties":{"externalId":"msft-pereira-google_5247497","damageLevel":"dano","rawLabel":"damaged","fieldValidated":false,"rawEventCode":null,"modelScore":0.26666666666666666}},{"type":"Feature","geometry":{"type":"Point","coordinates":[-75.70987471149503,4.814735606329902]},"properties":{"externalId":"msft-pereira-google_5247705","damageLevel":"dano","rawLabel":"damaged","fieldValidated":false,"rawEventCode":null,"modelScore":0.23484201537147736}},{"type":"Feature","geometry":{"type":"Point","coordinates":[-75.70847414588758,4.815729167714601]},"properties":{"externalId":"msft-pereira-google_5247717","damageLevel":"dano","rawLabel":"damaged","fieldValidated":false,"rawEventCode":null,"modelScore":0.21222527472527472}},{"type":"Feature","geometry":{"type":"Point","coordinates":[-75.70901007689965,4.815777673398723]},"properties":{"externalId":"msft-pereira-google_5247722","damageLevel":"dano","rawLabel":"damaged","fieldValidated":false,"rawEventCode":null,"modelScore":0.6428117273048393}},{"type":"Feature","geometry":{"type":"Point","coordinates":[-75.70789340877747,4.81472552542514]},"properties":{"externalId":"msft-pereira-google_5247725","damageLevel":"dano","rawLabel":"damaged","fieldValidated":false,"rawEventCode":null,"modelScore":0.20233463035019456}},{"type":"Feature","geometry":{"type":"Point","coordinates":[-75.71314093336602,4.815781430164293]},"properties":{"externalId":"msft-pereira-google_5247761","damageLevel":"dano","rawLabel":"damaged","fieldValidated":false,"rawEventCode":null,"modelScore":0.27869287991498404}},{"type":"Feature","geometry":{"type":"Point","coordinates":[-75.70454529233932,4.811339274615034]},"properties":{"externalId":"msft-pereira-google_5248032","damageLevel":"dano","rawLabel":"damaged","fieldValidated":false,"rawEventCode":null,"modelScore":0.3498190591073583}},{"type":"Feature","geometry":{"type":"Point","coordinates":[-75.71168842796823,4.810217837224637]},"properties":{"externalId":"msft-pereira-google_5248100","damageLevel":"dano","rawLabel":"damaged","fieldValidated":false,"rawEventCode":null,"modelScore":0.5678391959798995}},{"type":"Feature","geometry":{"type":"Point","coordinates":[-75.6924875530004,4.809411651517203]},"properties":{"externalId":"msft-pereira-google_5248437","damageLevel":"dano","rawLabel":"damaged","fieldValidated":false,"rawEventCode":null,"modelScore":0.4931417374265186}},{"type":"Feature","geometry":{"type":"Point","coordinates":[-75.69253955928652,4.808195711886977]},"properties":{"externalId":"msft-pereira-google_5249358","damageLevel":"dano","rawLabel":"damaged","fieldValidated":false,"rawEventCode":null,"modelScore":0.371523915461624}},{"type":"Feature","geometry":{"type":"Point","coordinates":[-75.69250047176807,4.808568007979208]},"properties":{"externalId":"msft-pereira-google_5249364","damageLevel":"dano","rawLabel":"damaged","fieldValidated":false,"rawEventCode":null,"modelScore":0.5034918523445294}},{"type":"Feature","geometry":{"type":"Point","coordinates":[-75.69282787762366,4.808692761730722]},"properties":{"externalId":"msft-pereira-google_5249381","damageLevel":"dano","rawLabel":"damaged","fieldValidated":false,"rawEventCode":null,"modelScore":0.2672147995889003}},{"type":"Feature","geometry":{"type":"Point","coordinates":[-75.69286086587596,4.808025279704015]},"properties":{"externalId":"msft-pereira-google_5249383","damageLevel":"dano","rawLabel":"damaged","fieldValidated":false,"rawEventCode":null,"modelScore":0.27599243856332706}},{"type":"Feature","geometry":{"type":"Point","coordinates":[-75.70241574482785,4.816573235157096]},"properties":{"externalId":"msft-pereira-google_5249461","damageLevel":"dano","rawLabel":"damaged","fieldValidated":false,"rawEventCode":null,"modelScore":0.21853546910755148}},{"type":"Feature","geometry":{"type":"Point","coordinates":[-75.70189891240241,4.817923567719089]},"properties":{"externalId":"msft-pereira-google_5249577","damageLevel":"dano","rawLabel":"damaged","fieldValidated":false,"rawEventCode":null,"modelScore":0.9941520467836257}},{"type":"Feature","geometry":{"type":"Point","coordinates":[-75.70336694200029,4.815873669004328]},"properties":{"externalId":"msft-pereira-google_5249599","damageLevel":"dano","rawLabel":"damaged","fieldValidated":false,"rawEventCode":null,"modelScore":0.6916363636363636}},{"type":"Feature","geometry":{"type":"Point","coordinates":[-75.70054356400004,4.814837453000634]},"properties":{"externalId":"msft-pereira-google_5249713","damageLevel":"dano","rawLabel":"damaged","fieldValidated":false,"rawEventCode":null,"modelScore":0.6}},{"type":"Feature","geometry":{"type":"Point","coordinates":[-75.70112645544619,4.81833850523201]},"properties":{"externalId":"msft-pereira-google_5249739","damageLevel":"dano","rawLabel":"damaged","fieldValidated":false,"rawEventCode":null,"modelScore":0.4049145299145299}},{"type":"Feature","geometry":{"type":"Point","coordinates":[-75.70104702409904,4.816650977681103]},"properties":{"externalId":"msft-pereira-google_5249768","damageLevel":"dano","rawLabel":"damaged","fieldValidated":false,"rawEventCode":null,"modelScore":0.18448275862068966}},{"type":"Feature","geometry":{"type":"Point","coordinates":[-75.7008486427371,4.813576433074211]},"properties":{"externalId":"msft-pereira-google_5249865","damageLevel":"dano","rawLabel":"damaged","fieldValidated":false,"rawEventCode":null,"modelScore":0.39285714285714285}},{"type":"Feature","geometry":{"type":"Point","coordinates":[-75.7008204214426,4.813599952307822]},"properties":{"externalId":"msft-pereira-google_5249866","damageLevel":"dano","rawLabel":"damaged","fieldValidated":false,"rawEventCode":null,"modelScore":0.6363636363636364}},{"type":"Feature","geometry":{"type":"Point","coordinates":[-75.70208964028862,4.815798217275925]},"properties":{"externalId":"msft-pereira-google_5249964","damageLevel":"dano","rawLabel":"damaged","fieldValidated":false,"rawEventCode":null,"modelScore":0.2956521739130435}},{"type":"Feature","geometry":{"type":"Point","coordinates":[-75.70292714688217,4.817147268232758]},"properties":{"externalId":"msft-pereira-google_5250124","damageLevel":"dano","rawLabel":"damaged","fieldValidated":false,"rawEventCode":null,"modelScore":0.44696969696969696}},{"type":"Feature","geometry":{"type":"Point","coordinates":[-75.70239325350177,4.808667615838316]},"properties":{"externalId":"msft-pereira-google_5250155","damageLevel":"dano","rawLabel":"damaged","fieldValidated":false,"rawEventCode":null,"modelScore":0.12915851272015655}},{"type":"Feature","geometry":{"type":"Point","coordinates":[-75.70249743307271,4.808928571998905]},"properties":{"externalId":"msft-pereira-google_5250185","damageLevel":"dano","rawLabel":"damaged","fieldValidated":false,"rawEventCode":null,"modelScore":0.22195704057279236}},{"type":"Feature","geometry":{"type":"Point","coordinates":[-75.7045259170718,4.811031492321455]},"properties":{"externalId":"msft-pereira-google_5250241","damageLevel":"dano","rawLabel":"damaged","fieldValidated":false,"rawEventCode":null,"modelScore":0.34443288241415193}},{"type":"Feature","geometry":{"type":"Point","coordinates":[-75.70442587586263,4.808248824074742]},"properties":{"externalId":"msft-pereira-google_5250352","damageLevel":"dano","rawLabel":"damaged","fieldValidated":false,"rawEventCode":null,"modelScore":0.2847222222222222}},{"type":"Feature","geometry":{"type":"Point","coordinates":[-75.70433949500799,4.808205780821142]},"properties":{"externalId":"msft-pereira-google_5250357","damageLevel":"dano","rawLabel":"damaged","fieldValidated":false,"rawEventCode":null,"modelScore":0.4034285714285714}},{"type":"Feature","geometry":{"type":"Point","coordinates":[-75.70483994005981,4.808934923789387]},"properties":{"externalId":"msft-pereira-google_5250384","damageLevel":"dano","rawLabel":"damaged","fieldValidated":false,"rawEventCode":null,"modelScore":0.32567049808429116}},{"type":"Feature","geometry":{"type":"Point","coordinates":[-75.73741231846932,4.817919036215255]},"properties":{"externalId":"msft-pereira-google_5250860","damageLevel":"dano","rawLabel":"damaged","fieldValidated":false,"rawEventCode":null,"modelScore":0.2935153583617747}},{"type":"Feature","geometry":{"type":"Point","coordinates":[-75.73738031700006,4.817962824500175]},"properties":{"externalId":"msft-pereira-google_5250878","damageLevel":"dano","rawLabel":"damaged","fieldValidated":false,"rawEventCode":null,"modelScore":0.9908256880733946}},{"type":"Feature","geometry":{"type":"Point","coordinates":[-75.73686617089083,4.812017298653109]},"properties":{"externalId":"msft-pereira-google_5251567","damageLevel":"dano","rawLabel":"damaged","fieldValidated":false,"rawEventCode":null,"modelScore":0.13402061855670103}},{"type":"Feature","geometry":{"type":"Point","coordinates":[-75.74278958450078,4.809053790001786]},"properties":{"externalId":"msft-pereira-google_5251636","damageLevel":"dano","rawLabel":"damaged","fieldValidated":false,"rawEventCode":null,"modelScore":0.21908127208480566}},{"type":"Feature","geometry":{"type":"Point","coordinates":[-75.71820408735675,4.818468133441355]},"properties":{"externalId":"msft-pereira-google_5251888","damageLevel":"dano","rawLabel":"damaged","fieldValidated":false,"rawEventCode":null,"modelScore":0.1996325780771586}},{"type":"Feature","geometry":{"type":"Point","coordinates":[-75.73281454238541,4.816999568758172]},"properties":{"externalId":"msft-pereira-google_5252203","damageLevel":"dano","rawLabel":"damaged","fieldValidated":false,"rawEventCode":null,"modelScore":0.2188235294117647}},{"type":"Feature","geometry":{"type":"Point","coordinates":[-75.71823682721048,4.81954530718258]},"properties":{"externalId":"msft-pereira-google_5252742","damageLevel":"dano","rawLabel":"damaged","fieldValidated":false,"rawEventCode":null,"modelScore":0.18383060635226178}},{"type":"Feature","geometry":{"type":"Point","coordinates":[-75.71917773093864,4.81881671854596]},"properties":{"externalId":"msft-pereira-google_5252766","damageLevel":"dano","rawLabel":"damaged","fieldValidated":false,"rawEventCode":null,"modelScore":0.13757115749525617}},{"type":"Feature","geometry":{"type":"Point","coordinates":[-75.73242344674026,4.816333257614978]},"properties":{"externalId":"msft-pereira-google_5252924","damageLevel":"dano","rawLabel":"damaged","fieldValidated":false,"rawEventCode":null,"modelScore":0.17073170731707318}},{"type":"Feature","geometry":{"type":"Point","coordinates":[-75.76458261495902,4.802038528681665]},"properties":{"externalId":"msft-pereira-google_5255428","damageLevel":"dano","rawLabel":"damaged","fieldValidated":false,"rawEventCode":null,"modelScore":0.5849297573435505}},{"type":"Feature","geometry":{"type":"Point","coordinates":[-75.76268182050005,4.81395050050013]},"properties":{"externalId":"msft-pereira-google_5260785","damageLevel":"dano","rawLabel":"damaged","fieldValidated":false,"rawEventCode":null,"modelScore":0.5}},{"type":"Feature","geometry":{"type":"Point","coordinates":[-75.77786242458009,4.821477209291166]},"properties":{"externalId":"msft-pereira-google_5270177","damageLevel":"dano","rawLabel":"damaged","fieldValidated":false,"rawEventCode":null,"modelScore":0.20618556701030927}},{"type":"Feature","geometry":{"type":"Point","coordinates":[-75.74047972794617,4.797722611803553]},"properties":{"externalId":"msft-pereira-google_5283309","damageLevel":"dano","rawLabel":"damaged","fieldValidated":false,"rawEventCode":null,"modelScore":0.16113161131611317}},{"type":"Feature","geometry":{"type":"Point","coordinates":[-75.73734747804194,4.81792034627902]},"properties":{"externalId":"msft-pereira-google_5283366","damageLevel":"dano","rawLabel":"damaged","fieldValidated":false,"rawEventCode":null,"modelScore":0.6698717948717948}},{"type":"Feature","geometry":{"type":"Point","coordinates":[-75.72812964400008,4.825657005000415]},"properties":{"externalId":"msft-pereira-google_5283382","damageLevel":"dano","rawLabel":"damaged","fieldValidated":false,"rawEventCode":null,"modelScore":0.34574468085106386}},{"type":"Feature","geometry":{"type":"Point","coordinates":[-75.74777012922438,4.818149959077391]},"properties":{"externalId":"msft-pereira-google_5283462","damageLevel":"dano","rawLabel":"damaged","fieldValidated":false,"rawEventCode":null,"modelScore":0.16547884187082407}},{"type":"Feature","geometry":{"type":"Point","coordinates":[-75.76001816040987,4.799108463601478]},"properties":{"externalId":"msft-pereira-google_5283563","damageLevel":"dano","rawLabel":"damaged","fieldValidated":false,"rawEventCode":null,"modelScore":0.18996415770609318}},{"type":"Feature","geometry":{"type":"Point","coordinates":[-75.76448945318592,4.814101449903815]},"properties":{"externalId":"msft-pereira-google_5284401","damageLevel":"dano","rawLabel":"damaged","fieldValidated":false,"rawEventCode":null,"modelScore":0.19471488178025034}},{"type":"Feature","geometry":{"type":"Point","coordinates":[-75.7692133102857,4.789836441866068]},"properties":{"externalId":"msft-pereira-google_5287816","damageLevel":"dano","rawLabel":"damaged","fieldValidated":false,"rawEventCode":null,"modelScore":0.2530487804878049}},{"type":"Feature","geometry":{"type":"Point","coordinates":[-75.76478464529566,4.794827578427854]},"properties":{"externalId":"msft-pereira-google_5288901","damageLevel":"dano","rawLabel":"damaged","fieldValidated":false,"rawEventCode":null,"modelScore":0.14388489208633093}},{"type":"Feature","geometry":{"type":"Point","coordinates":[-75.76922685150002,4.789792608500169]},"properties":{"externalId":"msft-pereira-google_5289097","damageLevel":"dano","rawLabel":"damaged","fieldValidated":false,"rawEventCode":null,"modelScore":0.4666666666666667}},{"type":"Feature","geometry":{"type":"Point","coordinates":[-75.77976231584027,4.794504331523158]},"properties":{"externalId":"msft-pereira-google_5313038","damageLevel":"dano","rawLabel":"damaged","fieldValidated":false,"rawEventCode":null,"modelScore":0.5137362637362637}},{"type":"Feature","geometry":{"type":"Point","coordinates":[-75.74988915143969,4.798213162682621]},"properties":{"externalId":"msft-pereira-google_5317593","damageLevel":"dano","rawLabel":"damaged","fieldValidated":false,"rawEventCode":null,"modelScore":0.47150259067357514}},{"type":"Feature","geometry":{"type":"Point","coordinates":[-75.74977539597276,4.798221968695574]},"properties":{"externalId":"msft-pereira-google_5317602","damageLevel":"dano","rawLabel":"damaged","fieldValidated":false,"rawEventCode":null,"modelScore":0.36904761904761907}},{"type":"Feature","geometry":{"type":"Point","coordinates":[-75.75525213799968,4.806725776000309]},"properties":{"externalId":"msft-pereira-google_5317756","damageLevel":"dano","rawLabel":"damaged","fieldValidated":false,"rawEventCode":null,"modelScore":0.2975206611570248}},{"type":"Feature","geometry":{"type":"Point","coordinates":[-75.76576086219494,4.788944492040639]},"properties":{"externalId":"msft-pereira-google_5318206","damageLevel":"dano","rawLabel":"damaged","fieldValidated":false,"rawEventCode":null,"modelScore":0.23765432098765432}}]}
