{"type":"FeatureCollection","pulso":{"source":"microsoft_ai_for_good","sourceLabel":"Microsoft AI for Good Lab","dataset":"2026-colombia-earthquake","sourceUrl":"https://data.humdata.org/dataset/2026-colombia-earthquake","method":"modelo","sensor":"Airbus","imageryDate":"2026-08-10","municipality":"CALI","divipola":"76001","license":"CC BY 4.0","attribution":"Microsoft AI for Good Lab, CC BY 4.0"},"features":[{"type":"Feature","geometry":{"type":"Point","coordinates":[-76.4684515020001,3.454999900000085]},"properties":{"externalId":"msft-cali-3150833","damageLevel":"dano","rawLabel":"damaged","fieldValidated":false,"rawEventCode":null,"modelScore":null}},{"type":"Feature","geometry":{"type":"Point","coordinates":[-76.46538264969884,3.456004927976783]},"properties":{"externalId":"msft-cali-3151067","damageLevel":"dano","rawLabel":"damaged","fieldValidated":false,"rawEventCode":null,"modelScore":0.9553571428571429}},{"type":"Feature","geometry":{"type":"Point","coordinates":[-76.47993993940429,3.454962114057084]},"properties":{"externalId":"msft-cali-3153118","damageLevel":"dano","rawLabel":"damaged","fieldValidated":false,"rawEventCode":null,"modelScore":0.25943396226415094}},{"type":"Feature","geometry":{"type":"Point","coordinates":[-76.48171484679992,3.472110325816749]},"properties":{"externalId":"msft-cali-3155375","damageLevel":"dano","rawLabel":"damaged","fieldValidated":false,"rawEventCode":null,"modelScore":0.8260869565217391}},{"type":"Feature","geometry":{"type":"Point","coordinates":[-76.48175281699973,3.472192107500372]},"properties":{"externalId":"msft-cali-3155376","damageLevel":"dano","rawLabel":"damaged","fieldValidated":false,"rawEventCode":null,"modelScore":0.8071065989847716}},{"type":"Feature","geometry":{"type":"Point","coordinates":[-76.47261988548769,3.501029235994498]},"properties":{"externalId":"msft-cali-3155988","damageLevel":"dano","rawLabel":"damaged","fieldValidated":false,"rawEventCode":null,"modelScore":0.12720306513409962}},{"type":"Feature","geometry":{"type":"Point","coordinates":[-76.47412076430643,3.500505044087264]},"properties":{"externalId":"msft-cali-3156084","damageLevel":"dano","rawLabel":"damaged","fieldValidated":false,"rawEventCode":null,"modelScore":0.11279229711141678}},{"type":"Feature","geometry":{"type":"Point","coordinates":[-76.47286273750176,3.498435239001687]},"properties":{"externalId":"msft-cali-3156128","damageLevel":"dano","rawLabel":"damaged","fieldValidated":false,"rawEventCode":null,"modelScore":0.4017857142857143}},{"type":"Feature","geometry":{"type":"Point","coordinates":[-76.47871740179356,3.49526890363822]},"properties":{"externalId":"msft-cali-3160410","damageLevel":"dano","rawLabel":"damaged","fieldValidated":false,"rawEventCode":null,"modelScore":0.6681931723563697}},{"type":"Feature","geometry":{"type":"Point","coordinates":[-76.47346617004091,3.490329528234891]},"properties":{"externalId":"msft-cali-3160445","damageLevel":"dano","rawLabel":"damaged","fieldValidated":false,"rawEventCode":null,"modelScore":0.16666666666666666}},{"type":"Feature","geometry":{"type":"Point","coordinates":[-76.48208823530005,3.486909635070295]},"properties":{"externalId":"msft-cali-3160510","damageLevel":"dano","rawLabel":"damaged","fieldValidated":false,"rawEventCode":null,"modelScore":1.0}},{"type":"Feature","geometry":{"type":"Point","coordinates":[-76.48236587100085,3.495863362500505]},"properties":{"externalId":"msft-cali-3160563","damageLevel":"dano","rawLabel":"damaged","fieldValidated":false,"rawEventCode":null,"modelScore":0.49230769230769234}},{"type":"Feature","geometry":{"type":"Point","coordinates":[-76.48438282149995,3.495268628500587]},"properties":{"externalId":"msft-cali-3160844","damageLevel":"dano","rawLabel":"damaged","fieldValidated":false,"rawEventCode":null,"modelScore":0.3322884012539185}},{"type":"Feature","geometry":{"type":"Point","coordinates":[-76.48647541028659,3.49339549431777]},"properties":{"externalId":"msft-cali-3161093","damageLevel":"dano","rawLabel":"damaged","fieldValidated":false,"rawEventCode":null,"modelScore":0.3474903474903475}},{"type":"Feature","geometry":{"type":"Point","coordinates":[-76.4961897602448,3.50495286390444]},"properties":{"externalId":"msft-cali-3162881","damageLevel":"dano","rawLabel":"damaged","fieldValidated":false,"rawEventCode":null,"modelScore":1.0}},{"type":"Feature","geometry":{"type":"Point","coordinates":[-76.49633113050008,3.504968044500083]},"properties":{"externalId":"msft-cali-3162882","damageLevel":"dano","rawLabel":"damaged","fieldValidated":false,"rawEventCode":null,"modelScore":0.1016949152542373}},{"type":"Feature","geometry":{"type":"Point","coordinates":[-76.49652430557705,3.505072846241468]},"properties":{"externalId":"msft-cali-3162885","damageLevel":"dano","rawLabel":"damaged","fieldValidated":false,"rawEventCode":null,"modelScore":0.45161290322580644}},{"type":"Feature","geometry":{"type":"Point","coordinates":[-76.49665875450012,3.505107405000373]},"properties":{"externalId":"msft-cali-3162886","damageLevel":"dano","rawLabel":"damaged","fieldValidated":false,"rawEventCode":null,"modelScore":0.631578947368421}},{"type":"Feature","geometry":{"type":"Point","coordinates":[-76.49673016269072,3.505405799439585]},"properties":{"externalId":"msft-cali-3162894","damageLevel":"dano","rawLabel":"damaged","fieldValidated":false,"rawEventCode":null,"modelScore":0.4262295081967213}},{"type":"Feature","geometry":{"type":"Point","coordinates":[-76.49585374494748,3.505652974774597]},"properties":{"externalId":"msft-cali-3162895","damageLevel":"dano","rawLabel":"damaged","fieldValidated":false,"rawEventCode":null,"modelScore":0.12878787878787878}},{"type":"Feature","geometry":{"type":"Point","coordinates":[-76.49621911003473,3.505707291172714]},"properties":{"externalId":"msft-cali-3162896","damageLevel":"dano","rawLabel":"damaged","fieldValidated":false,"rawEventCode":null,"modelScore":1.0}},{"type":"Feature","geometry":{"type":"Point","coordinates":[-76.49742362200297,3.528933729498719]},"properties":{"externalId":"msft-cali-3162927","damageLevel":"dano","rawLabel":"damaged","fieldValidated":false,"rawEventCode":null,"modelScore":0.6242171189979123}},{"type":"Feature","geometry":{"type":"Point","coordinates":[-76.49905240837332,3.52475282293314]},"properties":{"externalId":"msft-cali-3163279","damageLevel":"dano","rawLabel":"damaged","fieldValidated":false,"rawEventCode":null,"modelScore":0.6128342245989304}},{"type":"Feature","geometry":{"type":"Point","coordinates":[-76.4991648945007,3.524754958998039]},"properties":{"externalId":"msft-cali-3163280","damageLevel":"dano","rawLabel":"damaged","fieldValidated":false,"rawEventCode":null,"modelScore":0.504881450488145}},{"type":"Feature","geometry":{"type":"Point","coordinates":[-76.49524550749987,3.505072475499934]},"properties":{"externalId":"msft-cali-3163353","damageLevel":"dano","rawLabel":"damaged","fieldValidated":false,"rawEventCode":null,"modelScore":1.0}},{"type":"Feature","geometry":{"type":"Point","coordinates":[-76.49710357315311,3.498097543284901]},"properties":{"externalId":"msft-cali-3163395","damageLevel":"dano","rawLabel":"damaged","fieldValidated":false,"rawEventCode":null,"modelScore":0.4622356495468278}},{"type":"Feature","geometry":{"type":"Point","coordinates":[-76.49543850742897,3.501152737689172]},"properties":{"externalId":"msft-cali-3163698","damageLevel":"dano","rawLabel":"damaged","fieldValidated":false,"rawEventCode":null,"modelScore":0.1407185628742515}},{"type":"Feature","geometry":{"type":"Point","coordinates":[-76.48964779649977,3.4597741040005]},"properties":{"externalId":"msft-cali-3165934","damageLevel":"dano","rawLabel":"damaged","fieldValidated":false,"rawEventCode":null,"modelScore":0.7777777777777778}},{"type":"Feature","geometry":{"type":"Point","coordinates":[-76.49338540694781,3.480243516223188]},"properties":{"externalId":"msft-cali-3166174","damageLevel":"dano","rawLabel":"damaged","fieldValidated":false,"rawEventCode":null,"modelScore":0.12280701754385964}},{"type":"Feature","geometry":{"type":"Point","coordinates":[-76.49954030984753,3.484772689517616]},"properties":{"externalId":"msft-cali-3166335","damageLevel":"dano","rawLabel":"damaged","fieldValidated":false,"rawEventCode":null,"modelScore":0.49387755102040815}},{"type":"Feature","geometry":{"type":"Point","coordinates":[-76.4994957485674,3.484681715797838]},"properties":{"externalId":"msft-cali-3166614","damageLevel":"dano","rawLabel":"damaged","fieldValidated":false,"rawEventCode":null,"modelScore":0.14244186046511628}},{"type":"Feature","geometry":{"type":"Point","coordinates":[-76.49791187650021,3.478732598000182]},"properties":{"externalId":"msft-cali-3167146","damageLevel":"dano","rawLabel":"damaged","fieldValidated":false,"rawEventCode":null,"modelScore":0.8688524590163934}},{"type":"Feature","geometry":{"type":"Point","coordinates":[-76.49796202740072,3.478674977762928]},"properties":{"externalId":"msft-cali-3167168","damageLevel":"dano","rawLabel":"damaged","fieldValidated":false,"rawEventCode":null,"modelScore":0.49175824175824173}},{"type":"Feature","geometry":{"type":"Point","coordinates":[-76.49857608100159,3.478177677000296]},"properties":{"externalId":"msft-cali-3167178","damageLevel":"dano","rawLabel":"damaged","fieldValidated":false,"rawEventCode":null,"modelScore":0.11808118081180811}},{"type":"Feature","geometry":{"type":"Point","coordinates":[-76.48962302254036,3.49382332672347]},"properties":{"externalId":"msft-cali-3170117","damageLevel":"dano","rawLabel":"damaged","fieldValidated":false,"rawEventCode":null,"modelScore":0.5925925925925926}},{"type":"Feature","geometry":{"type":"Point","coordinates":[-76.47539519310295,3.455955527311513]},"properties":{"externalId":"msft-cali-3171086","damageLevel":"dano","rawLabel":"damaged","fieldValidated":false,"rawEventCode":null,"modelScore":0.8220779220779221}},{"type":"Feature","geometry":{"type":"Point","coordinates":[-76.47567889149968,3.458168135000126]},"properties":{"externalId":"msft-cali-3171167","damageLevel":"dano","rawLabel":"damaged","fieldValidated":false,"rawEventCode":null,"modelScore":1.0}},{"type":"Feature","geometry":{"type":"Point","coordinates":[-76.4757057239688,3.458218234400698]},"properties":{"externalId":"msft-cali-3171169","damageLevel":"dano","rawLabel":"damaged","fieldValidated":false,"rawEventCode":null,"modelScore":0.9121621621621622}},{"type":"Feature","geometry":{"type":"Point","coordinates":[-76.47574278850051,3.458146251500491]},"properties":{"externalId":"msft-cali-3171170","damageLevel":"dano","rawLabel":"damaged","fieldValidated":false,"rawEventCode":null,"modelScore":0.9797297297297297}},{"type":"Feature","geometry":{"type":"Point","coordinates":[-76.47556960401253,3.458361936005733]},"properties":{"externalId":"msft-cali-3171231","damageLevel":"dano","rawLabel":"damaged","fieldValidated":false,"rawEventCode":null,"modelScore":0.22294022617124395}},{"type":"Feature","geometry":{"type":"Point","coordinates":[-76.48951861753027,3.49381862870914]},"properties":{"externalId":"msft-cali-3173713","damageLevel":"dano","rawLabel":"damaged","fieldValidated":false,"rawEventCode":null,"modelScore":0.1939655172413793}},{"type":"Feature","geometry":{"type":"Point","coordinates":[-76.49083483194323,3.47735161371422]},"properties":{"externalId":"msft-cali-3174880","damageLevel":"dano","rawLabel":"damaged","fieldValidated":false,"rawEventCode":null,"modelScore":0.12217194570135746}},{"type":"Feature","geometry":{"type":"Point","coordinates":[-76.4870217527403,3.466428239691016]},"properties":{"externalId":"msft-cali-3175465","damageLevel":"dano","rawLabel":"damaged","fieldValidated":false,"rawEventCode":null,"modelScore":0.2676616915422886}},{"type":"Feature","geometry":{"type":"Point","coordinates":[-76.49479517632255,3.489713308409049]},"properties":{"externalId":"msft-cali-3184435","damageLevel":"dano","rawLabel":"damaged","fieldValidated":false,"rawEventCode":null,"modelScore":0.16727272727272727}},{"type":"Feature","geometry":{"type":"Point","coordinates":[-76.49399337550027,3.505369617000305]},"properties":{"externalId":"msft-cali-3185157","damageLevel":"dano","rawLabel":"damaged","fieldValidated":false,"rawEventCode":null,"modelScore":0.4921875}},{"type":"Feature","geometry":{"type":"Point","coordinates":[-76.4937308284252,3.504982470757132]},"properties":{"externalId":"msft-cali-3185163","damageLevel":"dano","rawLabel":"damaged","fieldValidated":false,"rawEventCode":null,"modelScore":0.9546925566343042}},{"type":"Feature","geometry":{"type":"Point","coordinates":[-76.49663938349978,3.50557049050058]},"properties":{"externalId":"msft-cali-3185774","damageLevel":"dano","rawLabel":"damaged","fieldValidated":false,"rawEventCode":null,"modelScore":1.0}},{"type":"Feature","geometry":{"type":"Point","coordinates":[-76.49658855748021,3.505078550700539]},"properties":{"externalId":"msft-cali-3185775","damageLevel":"dano","rawLabel":"damaged","fieldValidated":false,"rawEventCode":null,"modelScore":1.0}},{"type":"Feature","geometry":{"type":"Point","coordinates":[-76.49654913727518,3.505585905155836]},"properties":{"externalId":"msft-cali-3185776","damageLevel":"dano","rawLabel":"damaged","fieldValidated":false,"rawEventCode":null,"modelScore":1.0}},{"type":"Feature","geometry":{"type":"Point","coordinates":[-76.4964893048284,3.505464842563636]},"properties":{"externalId":"msft-cali-3185779","damageLevel":"dano","rawLabel":"damaged","fieldValidated":false,"rawEventCode":null,"modelScore":0.9714285714285714}},{"type":"Feature","geometry":{"type":"Point","coordinates":[-76.4964190066837,3.505619098351465]},"properties":{"externalId":"msft-cali-3185781","damageLevel":"dano","rawLabel":"damaged","fieldValidated":false,"rawEventCode":null,"modelScore":0.9580838323353293}},{"type":"Feature","geometry":{"type":"Point","coordinates":[-76.49637522406303,3.505719603323944]},"properties":{"externalId":"msft-cali-3185782","damageLevel":"dano","rawLabel":"damaged","fieldValidated":false,"rawEventCode":null,"modelScore":0.26143790849673204}},{"type":"Feature","geometry":{"type":"Point","coordinates":[-76.49637727399985,3.505431413001161]},"properties":{"externalId":"msft-cali-3185783","damageLevel":"dano","rawLabel":"damaged","fieldValidated":false,"rawEventCode":null,"modelScore":0.32978723404255317}},{"type":"Feature","geometry":{"type":"Point","coordinates":[-76.4962736965012,3.505441966000279]},"properties":{"externalId":"msft-cali-3185786","damageLevel":"dano","rawLabel":"damaged","fieldValidated":false,"rawEventCode":null,"modelScore":0.248}},{"type":"Feature","geometry":{"type":"Point","coordinates":[-76.49629874692654,3.505004565733645]},"properties":{"externalId":"msft-cali-3185787","damageLevel":"dano","rawLabel":"damaged","fieldValidated":false,"rawEventCode":null,"modelScore":0.19480519480519481}},{"type":"Feature","geometry":{"type":"Point","coordinates":[-76.49623733500026,3.505691072501322]},"properties":{"externalId":"msft-cali-3185788","damageLevel":"dano","rawLabel":"damaged","fieldValidated":false,"rawEventCode":null,"modelScore":1.0}},{"type":"Feature","geometry":{"type":"Point","coordinates":[-76.49623874050005,3.504939964500065]},"properties":{"externalId":"msft-cali-3185789","damageLevel":"dano","rawLabel":"damaged","fieldValidated":false,"rawEventCode":null,"modelScore":1.0}},{"type":"Feature","geometry":{"type":"Point","coordinates":[-76.49620958886112,3.505475562582423]},"properties":{"externalId":"msft-cali-3185790","damageLevel":"dano","rawLabel":"damaged","fieldValidated":false,"rawEventCode":null,"modelScore":0.8518518518518519}},{"type":"Feature","geometry":{"type":"Point","coordinates":[-76.49609015313881,3.505691127736921]},"properties":{"externalId":"msft-cali-3185791","damageLevel":"dano","rawLabel":"damaged","fieldValidated":false,"rawEventCode":null,"modelScore":1.0}},{"type":"Feature","geometry":{"type":"Point","coordinates":[-76.49599899150091,3.505496619999449]},"properties":{"externalId":"msft-cali-3185793","damageLevel":"dano","rawLabel":"damaged","fieldValidated":false,"rawEventCode":null,"modelScore":0.7235772357723578}},{"type":"Feature","geometry":{"type":"Point","coordinates":[-76.49576682999931,3.505483013002205]},"properties":{"externalId":"msft-cali-3185795","damageLevel":"dano","rawLabel":"damaged","fieldValidated":false,"rawEventCode":null,"modelScore":1.0}},{"type":"Feature","geometry":{"type":"Point","coordinates":[-76.49532873149978,3.505071243499924]},"properties":{"externalId":"msft-cali-3185796","damageLevel":"dano","rawLabel":"damaged","fieldValidated":false,"rawEventCode":null,"modelScore":0.5735294117647058}},{"type":"Feature","geometry":{"type":"Point","coordinates":[-76.4952784495521,3.505068379727888]},"properties":{"externalId":"msft-cali-3185797","damageLevel":"dano","rawLabel":"damaged","fieldValidated":false,"rawEventCode":null,"modelScore":1.0}},{"type":"Feature","geometry":{"type":"Point","coordinates":[-76.49325287514395,3.50409557032092]},"properties":{"externalId":"msft-cali-3185855","damageLevel":"dano","rawLabel":"damaged","fieldValidated":false,"rawEventCode":null,"modelScore":0.183206106870229}},{"type":"Feature","geometry":{"type":"Point","coordinates":[-76.49911283579942,3.547864660501552]},"properties":{"externalId":"msft-cali-3187924","damageLevel":"dano","rawLabel":"damaged","fieldValidated":false,"rawEventCode":null,"modelScore":1.0}},{"type":"Feature","geometry":{"type":"Point","coordinates":[-76.49401243211337,3.539928642222109]},"properties":{"externalId":"msft-cali-3188124","damageLevel":"dano","rawLabel":"damaged","fieldValidated":false,"rawEventCode":null,"modelScore":0.2732211047168289}},{"type":"Feature","geometry":{"type":"Point","coordinates":[-76.49440121899252,3.470878333091623]},"properties":{"externalId":"msft-cali-3188850","damageLevel":"dano","rawLabel":"damaged","fieldValidated":false,"rawEventCode":null,"modelScore":0.29023746701846964}},{"type":"Feature","geometry":{"type":"Point","coordinates":[-76.49734814882896,3.511652254437041]},"properties":{"externalId":"msft-cali-3202775","damageLevel":"dano","rawLabel":"damaged","fieldValidated":false,"rawEventCode":null,"modelScore":0.8432432432432433}},{"type":"Feature","geometry":{"type":"Point","coordinates":[-76.5281711538037,3.52216407487042]},"properties":{"externalId":"msft-cali-3202964","damageLevel":"dano","rawLabel":"damaged","fieldValidated":false,"rawEventCode":null,"modelScore":0.3274924471299094}},{"type":"Feature","geometry":{"type":"Point","coordinates":[-76.47046453878583,3.497352016016215]},"properties":{"externalId":"msft-cali-3203685","damageLevel":"dano","rawLabel":"damaged","fieldValidated":false,"rawEventCode":null,"modelScore":0.3282442748091603}},{"type":"Feature","geometry":{"type":"Point","coordinates":[-76.52621152250303,3.488553634498883]},"properties":{"externalId":"msft-cali-3204317","damageLevel":"dano","rawLabel":"damaged","fieldValidated":false,"rawEventCode":null,"modelScore":0.12806539509536785}},{"type":"Feature","geometry":{"type":"Point","coordinates":[-76.47203555181989,3.451129489676191]},"properties":{"externalId":"msft-cali-3210880","damageLevel":"dano","rawLabel":"damaged","fieldValidated":false,"rawEventCode":null,"modelScore":0.9764705882352941}},{"type":"Feature","geometry":{"type":"Point","coordinates":[-76.47198707253308,3.451146733204773]},"properties":{"externalId":"msft-cali-3210882","damageLevel":"dano","rawLabel":"damaged","fieldValidated":false,"rawEventCode":null,"modelScore":1.0}},{"type":"Feature","geometry":{"type":"Point","coordinates":[-76.47554747100041,3.458264375500243]},"properties":{"externalId":"msft-cali-3210885","damageLevel":"dano","rawLabel":"damaged","fieldValidated":false,"rawEventCode":null,"modelScore":1.0}},{"type":"Feature","geometry":{"type":"Point","coordinates":[-76.58769601527617,3.463227137583399]},"properties":{"externalId":"msft-cali-3214334","damageLevel":"dano","rawLabel":"damaged","fieldValidated":false,"rawEventCode":null,"modelScore":0.2185430463576159}},{"type":"Feature","geometry":{"type":"Point","coordinates":[-76.58850519033928,3.46474872094228]},"properties":{"externalId":"msft-cali-3214498","damageLevel":"dano","rawLabel":"damaged","fieldValidated":false,"rawEventCode":null,"modelScore":0.2903225806451613}},{"type":"Feature","geometry":{"type":"Point","coordinates":[-76.58992479299904,3.466055342500449]},"properties":{"externalId":"msft-cali-3214765","damageLevel":"dano","rawLabel":"damaged","fieldValidated":false,"rawEventCode":null,"modelScore":0.6310679611650486}},{"type":"Feature","geometry":{"type":"Point","coordinates":[-76.58963169850269,3.466033544334174]},"properties":{"externalId":"msft-cali-3214772","damageLevel":"dano","rawLabel":"damaged","fieldValidated":false,"rawEventCode":null,"modelScore":0.6023738872403561}},{"type":"Feature","geometry":{"type":"Point","coordinates":[-76.58994310233709,3.46598429332251]},"properties":{"externalId":"msft-cali-3214798","damageLevel":"dano","rawLabel":"damaged","fieldValidated":false,"rawEventCode":null,"modelScore":0.5797101449275363}},{"type":"Feature","geometry":{"type":"Point","coordinates":[-76.58995528102315,3.466047348348058]},"properties":{"externalId":"msft-cali-3214802","damageLevel":"dano","rawLabel":"damaged","fieldValidated":false,"rawEventCode":null,"modelScore":0.5737704918032787}},{"type":"Feature","geometry":{"type":"Point","coordinates":[-76.57603344033143,3.456764016997629]},"properties":{"externalId":"msft-cali-3215297","damageLevel":"dano","rawLabel":"damaged","fieldValidated":false,"rawEventCode":null,"modelScore":0.11940298507462686}},{"type":"Feature","geometry":{"type":"Point","coordinates":[-76.57623188259934,3.459094296534905]},"properties":{"externalId":"msft-cali-3215318","damageLevel":"dano","rawLabel":"damaged","fieldValidated":false,"rawEventCode":null,"modelScore":0.3108108108108108}},{"type":"Feature","geometry":{"type":"Point","coordinates":[-76.57634765850037,3.459533016000256]},"properties":{"externalId":"msft-cali-3215334","damageLevel":"dano","rawLabel":"damaged","fieldValidated":false,"rawEventCode":null,"modelScore":0.29508196721311475}},{"type":"Feature","geometry":{"type":"Point","coordinates":[-76.5768500083719,3.455716953342503]},"properties":{"externalId":"msft-cali-3215502","damageLevel":"dano","rawLabel":"damaged","fieldValidated":false,"rawEventCode":null,"modelScore":0.1336206896551724}},{"type":"Feature","geometry":{"type":"Point","coordinates":[-76.57840228453595,3.455860515709029]},"properties":{"externalId":"msft-cali-3215969","damageLevel":"dano","rawLabel":"damaged","fieldValidated":false,"rawEventCode":null,"modelScore":0.5648648648648649}},{"type":"Feature","geometry":{"type":"Point","coordinates":[-76.5791685301603,3.456797191951096]},"properties":{"externalId":"msft-cali-3216086","damageLevel":"dano","rawLabel":"damaged","fieldValidated":false,"rawEventCode":null,"modelScore":0.37551020408163266}},{"type":"Feature","geometry":{"type":"Point","coordinates":[-76.5508212136232,3.487410315178209]},"properties":{"externalId":"msft-cali-3218041","damageLevel":"dano","rawLabel":"damaged","fieldValidated":false,"rawEventCode":null,"modelScore":0.5933333333333334}},{"type":"Feature","geometry":{"type":"Point","coordinates":[-76.5528563386891,3.485001981440755]},"properties":{"externalId":"msft-cali-3218377","damageLevel":"dano","rawLabel":"damaged","fieldValidated":false,"rawEventCode":null,"modelScore":0.7738853503184714}},{"type":"Feature","geometry":{"type":"Point","coordinates":[-76.5495503096442,3.489624805266268]},"properties":{"externalId":"msft-cali-3218570","damageLevel":"dano","rawLabel":"damaged","fieldValidated":false,"rawEventCode":null,"modelScore":0.6964285714285714}},{"type":"Feature","geometry":{"type":"Point","coordinates":[-76.53477620520256,3.486706841461005]},"properties":{"externalId":"msft-cali-3219840","damageLevel":"dano","rawLabel":"damaged","fieldValidated":false,"rawEventCode":null,"modelScore":0.22863247863247863}},{"type":"Feature","geometry":{"type":"Point","coordinates":[-76.5334352550001,3.466611226000345]},"properties":{"externalId":"msft-cali-3220991","damageLevel":"dano","rawLabel":"damaged","fieldValidated":false,"rawEventCode":null,"modelScore":1.0}},{"type":"Feature","geometry":{"type":"Point","coordinates":[-76.5335257324999,3.466640570500844]},"properties":{"externalId":"msft-cali-3220994","damageLevel":"dano","rawLabel":"damaged","fieldValidated":false,"rawEventCode":null,"modelScore":0.9260869565217391}},{"type":"Feature","geometry":{"type":"Point","coordinates":[-76.53340842500039,3.466673702500536]},"properties":{"externalId":"msft-cali-3220995","damageLevel":"dano","rawLabel":"damaged","fieldValidated":false,"rawEventCode":null,"modelScore":1.0}},{"type":"Feature","geometry":{"type":"Point","coordinates":[-76.53351176523155,3.466491436078707]},"properties":{"externalId":"msft-cali-3221003","damageLevel":"dano","rawLabel":"damaged","fieldValidated":false,"rawEventCode":null,"modelScore":0.3194029850746269}},{"type":"Feature","geometry":{"type":"Point","coordinates":[-76.53335974035883,3.466808780596321]},"properties":{"externalId":"msft-cali-3221008","damageLevel":"dano","rawLabel":"damaged","fieldValidated":false,"rawEventCode":null,"modelScore":0.2175141242937853}},{"type":"Feature","geometry":{"type":"Point","coordinates":[-76.50011555050011,3.545562324500087]},"properties":{"externalId":"msft-cali-3223856","damageLevel":"dano","rawLabel":"damaged","fieldValidated":false,"rawEventCode":null,"modelScore":0.9882352941176471}},{"type":"Feature","geometry":{"type":"Point","coordinates":[-76.49911467346915,3.524948191706928]},"properties":{"externalId":"msft-cali-3223881","damageLevel":"dano","rawLabel":"damaged","fieldValidated":false,"rawEventCode":null,"modelScore":0.515929203539823}},{"type":"Feature","geometry":{"type":"Point","coordinates":[-76.50944936874762,3.546637039885358]},"properties":{"externalId":"msft-cali-3226560","damageLevel":"dano","rawLabel":"damaged","fieldValidated":false,"rawEventCode":null,"modelScore":1.0}},{"type":"Feature","geometry":{"type":"Point","coordinates":[-76.53554978342501,3.456757935056533]},"properties":{"externalId":"msft-cali-3227635","damageLevel":"dano","rawLabel":"damaged","fieldValidated":false,"rawEventCode":null,"modelScore":0.6139896373056994}},{"type":"Feature","geometry":{"type":"Point","coordinates":[-76.5310912170937,3.453497861816813]},"properties":{"externalId":"msft-cali-3227673","damageLevel":"dano","rawLabel":"damaged","fieldValidated":false,"rawEventCode":null,"modelScore":0.13513513513513514}},{"type":"Feature","geometry":{"type":"Point","coordinates":[-76.50599800269718,3.445244233106732]},"properties":{"externalId":"msft-cali-3228043","damageLevel":"dano","rawLabel":"damaged","fieldValidated":false,"rawEventCode":null,"modelScore":0.4528605962933118}},{"type":"Feature","geometry":{"type":"Point","coordinates":[-76.54186046909055,3.455285490253776]},"properties":{"externalId":"msft-cali-3228544","damageLevel":"dano","rawLabel":"damaged","fieldValidated":false,"rawEventCode":null,"modelScore":0.1266816143497758}},{"type":"Feature","geometry":{"type":"Point","coordinates":[-76.54228636849899,3.4564331510005]},"properties":{"externalId":"msft-cali-3228778","damageLevel":"dano","rawLabel":"damaged","fieldValidated":false,"rawEventCode":null,"modelScore":0.8731988472622478}},{"type":"Feature","geometry":{"type":"Point","coordinates":[-76.5421254672787,3.459304916362345]},"properties":{"externalId":"msft-cali-3228901","damageLevel":"dano","rawLabel":"damaged","fieldValidated":false,"rawEventCode":null,"modelScore":0.4918032786885246}},{"type":"Feature","geometry":{"type":"Point","coordinates":[-76.54291863988671,3.459983020802865]},"properties":{"externalId":"msft-cali-3228950","damageLevel":"dano","rawLabel":"damaged","fieldValidated":false,"rawEventCode":null,"modelScore":0.14705882352941177}},{"type":"Feature","geometry":{"type":"Point","coordinates":[-76.54289237799976,3.457806075001676]},"properties":{"externalId":"msft-cali-3229092","damageLevel":"dano","rawLabel":"damaged","fieldValidated":false,"rawEventCode":null,"modelScore":0.4413145539906103}},{"type":"Feature","geometry":{"type":"Point","coordinates":[-76.54287907520104,3.457753425019158]},"properties":{"externalId":"msft-cali-3229107","damageLevel":"dano","rawLabel":"damaged","fieldValidated":false,"rawEventCode":null,"modelScore":0.3604060913705584}},{"type":"Feature","geometry":{"type":"Point","coordinates":[-76.54380142416211,3.461194113760623]},"properties":{"externalId":"msft-cali-3229224","damageLevel":"dano","rawLabel":"damaged","fieldValidated":false,"rawEventCode":null,"modelScore":0.47085201793721976}},{"type":"Feature","geometry":{"type":"Point","coordinates":[-76.54382133039718,3.454110818223367]},"properties":{"externalId":"msft-cali-3229281","damageLevel":"dano","rawLabel":"damaged","fieldValidated":false,"rawEventCode":null,"modelScore":0.40913865546218486}},{"type":"Feature","geometry":{"type":"Point","coordinates":[-76.54791881716982,3.455389830495395]},"properties":{"externalId":"msft-cali-3229367","damageLevel":"dano","rawLabel":"damaged","fieldValidated":false,"rawEventCode":null,"modelScore":0.9186046511627907}},{"type":"Feature","geometry":{"type":"Point","coordinates":[-76.547995228133,3.455455542064827]},"properties":{"externalId":"msft-cali-3229369","damageLevel":"dano","rawLabel":"damaged","fieldValidated":false,"rawEventCode":null,"modelScore":0.4444444444444444}},{"type":"Feature","geometry":{"type":"Point","coordinates":[-76.54799807732104,3.455349952802109]},"properties":{"externalId":"msft-cali-3229376","damageLevel":"dano","rawLabel":"damaged","fieldValidated":false,"rawEventCode":null,"modelScore":0.32238805970149254}},{"type":"Feature","geometry":{"type":"Point","coordinates":[-76.54955325450028,3.48958884550044]},"properties":{"externalId":"msft-cali-3231421","damageLevel":"dano","rawLabel":"damaged","fieldValidated":false,"rawEventCode":null,"modelScore":0.7567567567567568}},{"type":"Feature","geometry":{"type":"Point","coordinates":[-76.53575132700004,3.493004983000346]},"properties":{"externalId":"msft-cali-3231768","damageLevel":"dano","rawLabel":"damaged","fieldValidated":false,"rawEventCode":null,"modelScore":0.21839080459770116}},{"type":"Feature","geometry":{"type":"Point","coordinates":[-76.53429395600025,3.491183111000273]},"properties":{"externalId":"msft-cali-3231831","damageLevel":"dano","rawLabel":"damaged","fieldValidated":false,"rawEventCode":null,"modelScore":0.9891304347826086}},{"type":"Feature","geometry":{"type":"Point","coordinates":[-76.53529253600013,3.490621169000197]},"properties":{"externalId":"msft-cali-3231995","damageLevel":"dano","rawLabel":"damaged","fieldValidated":false,"rawEventCode":null,"modelScore":0.1623931623931624}},{"type":"Feature","geometry":{"type":"Point","coordinates":[-76.54679623928892,3.489285521619816]},"properties":{"externalId":"msft-cali-3232130","damageLevel":"dano","rawLabel":"damaged","fieldValidated":false,"rawEventCode":null,"modelScore":0.16463414634146342}},{"type":"Feature","geometry":{"type":"Point","coordinates":[-76.5351344553258,3.488066955474929]},"properties":{"externalId":"msft-cali-3232682","damageLevel":"dano","rawLabel":"damaged","fieldValidated":false,"rawEventCode":null,"modelScore":0.9085714285714286}},{"type":"Feature","geometry":{"type":"Point","coordinates":[-76.5507635659999,3.48741490999974]},"properties":{"externalId":"msft-cali-3232768","damageLevel":"dano","rawLabel":"damaged","fieldValidated":false,"rawEventCode":null,"modelScore":0.16883116883116883}},{"type":"Feature","geometry":{"type":"Point","coordinates":[-76.54928768549956,3.482819744500917]},"properties":{"externalId":"msft-cali-3233334","damageLevel":"dano","rawLabel":"damaged","fieldValidated":false,"rawEventCode":null,"modelScore":0.506896551724138}},{"type":"Feature","geometry":{"type":"Point","coordinates":[-76.54989173909786,3.486987886786108]},"properties":{"externalId":"msft-cali-3233663","damageLevel":"dano","rawLabel":"damaged","fieldValidated":false,"rawEventCode":null,"modelScore":0.23193916349809887}},{"type":"Feature","geometry":{"type":"Point","coordinates":[-76.5505024399311,3.485460552272818]},"properties":{"externalId":"msft-cali-3233745","damageLevel":"dano","rawLabel":"damaged","fieldValidated":false,"rawEventCode":null,"modelScore":0.30337078651685395}},{"type":"Feature","geometry":{"type":"Point","coordinates":[-76.55166783216431,3.4865578742729]},"properties":{"externalId":"msft-cali-3234029","damageLevel":"dano","rawLabel":"damaged","fieldValidated":false,"rawEventCode":null,"modelScore":0.1643835616438356}},{"type":"Feature","geometry":{"type":"Point","coordinates":[-76.55166075250045,3.486496624500555]},"properties":{"externalId":"msft-cali-3234030","damageLevel":"dano","rawLabel":"damaged","fieldValidated":false,"rawEventCode":null,"modelScore":0.5984251968503937}},{"type":"Feature","geometry":{"type":"Point","coordinates":[-76.53758769535938,3.458625651113805]},"properties":{"externalId":"msft-cali-3234755","damageLevel":"dano","rawLabel":"damaged","fieldValidated":false,"rawEventCode":null,"modelScore":0.0}},{"type":"Feature","geometry":{"type":"Point","coordinates":[-76.53745577297585,3.458510051375115]},"properties":{"externalId":"msft-cali-3234780","damageLevel":"dano","rawLabel":"damaged","fieldValidated":false,"rawEventCode":null,"modelScore":0.0}},{"type":"Feature","geometry":{"type":"Point","coordinates":[-76.53768813900038,3.459993166500508]},"properties":{"externalId":"msft-cali-3234811","damageLevel":"dano","rawLabel":"damaged","fieldValidated":false,"rawEventCode":null,"modelScore":0.15358361774744028}},{"type":"Feature","geometry":{"type":"Point","coordinates":[-76.53769873320893,3.460106041125544]},"properties":{"externalId":"msft-cali-3234814","damageLevel":"dano","rawLabel":"damaged","fieldValidated":false,"rawEventCode":null,"modelScore":0.5183946488294314}},{"type":"Feature","geometry":{"type":"Point","coordinates":[-76.54154777226657,3.459407665929729]},"properties":{"externalId":"msft-cali-3235342","damageLevel":"dano","rawLabel":"damaged","fieldValidated":false,"rawEventCode":null,"modelScore":0.4072}},{"type":"Feature","geometry":{"type":"Point","coordinates":[-76.54171804257062,3.455244471859529]},"properties":{"externalId":"msft-cali-3235441","damageLevel":"dano","rawLabel":"damaged","fieldValidated":false,"rawEventCode":null,"modelScore":0.20512820512820512}},{"type":"Feature","geometry":{"type":"Point","coordinates":[-76.54154893002264,3.455644027772111]},"properties":{"externalId":"msft-cali-3235467","damageLevel":"dano","rawLabel":"damaged","fieldValidated":false,"rawEventCode":null,"modelScore":0.45808383233532934}},{"type":"Feature","geometry":{"type":"Point","coordinates":[-76.55396101250031,3.454719994000192]},"properties":{"externalId":"msft-cali-3236462","damageLevel":"dano","rawLabel":"damaged","fieldValidated":false,"rawEventCode":null,"modelScore":0.4939759036144578}},{"type":"Feature","geometry":{"type":"Point","coordinates":[-76.55992169037152,3.45570123946783]},"properties":{"externalId":"msft-cali-3238168","damageLevel":"dano","rawLabel":"damaged","fieldValidated":false,"rawEventCode":null,"modelScore":0.11864406779661017}},{"type":"Feature","geometry":{"type":"Point","coordinates":[-76.5585588994755,3.453242006726333]},"properties":{"externalId":"msft-cali-3239370","damageLevel":"dano","rawLabel":"damaged","fieldValidated":false,"rawEventCode":null,"modelScore":0.22185430463576158}},{"type":"Feature","geometry":{"type":"Point","coordinates":[-76.55920972551057,3.456733923423652]},"properties":{"externalId":"msft-cali-3239712","damageLevel":"dano","rawLabel":"damaged","fieldValidated":false,"rawEventCode":null,"modelScore":0.9214501510574018}},{"type":"Feature","geometry":{"type":"Point","coordinates":[-76.56089939455563,3.457384098022092]},"properties":{"externalId":"msft-cali-3240168","damageLevel":"dano","rawLabel":"damaged","fieldValidated":false,"rawEventCode":null,"modelScore":0.41006600660066006}},{"type":"Feature","geometry":{"type":"Point","coordinates":[-76.55913043300079,3.4568034175004]},"properties":{"externalId":"msft-cali-3240342","damageLevel":"dano","rawLabel":"damaged","fieldValidated":false,"rawEventCode":null,"modelScore":0.15666666666666668}},{"type":"Feature","geometry":{"type":"Point","coordinates":[-76.56800810950023,3.456442926500286]},"properties":{"externalId":"msft-cali-3243423","damageLevel":"dano","rawLabel":"damaged","fieldValidated":false,"rawEventCode":null,"modelScore":0.4235294117647059}},{"type":"Feature","geometry":{"type":"Point","coordinates":[-76.5678334590209,3.45494154714974]},"properties":{"externalId":"msft-cali-3243729","damageLevel":"dano","rawLabel":"damaged","fieldValidated":false,"rawEventCode":null,"modelScore":0.21750663129973474}},{"type":"Feature","geometry":{"type":"Point","coordinates":[-76.56777442441879,3.454974143092583]},"properties":{"externalId":"msft-cali-3243733","damageLevel":"dano","rawLabel":"damaged","fieldValidated":false,"rawEventCode":null,"modelScore":0.6574074074074074}},{"type":"Feature","geometry":{"type":"Point","coordinates":[-76.56782168750028,3.455013421000049]},"properties":{"externalId":"msft-cali-3243737","damageLevel":"dano","rawLabel":"damaged","fieldValidated":false,"rawEventCode":null,"modelScore":0.3178294573643411}},{"type":"Feature","geometry":{"type":"Point","coordinates":[-76.56890996526494,3.453505371456419]},"properties":{"externalId":"msft-cali-3244043","damageLevel":"dano","rawLabel":"damaged","fieldValidated":false,"rawEventCode":null,"modelScore":0.10069444444444445}},{"type":"Feature","geometry":{"type":"Point","coordinates":[-76.57421621075628,3.456996881109669]},"properties":{"externalId":"msft-cali-3245424","damageLevel":"dano","rawLabel":"damaged","fieldValidated":false,"rawEventCode":null,"modelScore":0.42592592592592593}},{"type":"Feature","geometry":{"type":"Point","coordinates":[-76.57491084948411,3.454950893872176]},"properties":{"externalId":"msft-cali-3245750","damageLevel":"dano","rawLabel":"damaged","fieldValidated":false,"rawEventCode":null,"modelScore":0.5679611650485437}},{"type":"Feature","geometry":{"type":"Point","coordinates":[-76.57497192300008,3.454923002000227]},"properties":{"externalId":"msft-cali-3245752","damageLevel":"dano","rawLabel":"damaged","fieldValidated":false,"rawEventCode":null,"modelScore":0.13580246913580246}},{"type":"Feature","geometry":{"type":"Point","coordinates":[-76.57490316899991,3.454879313500413]},"properties":{"externalId":"msft-cali-3245759","damageLevel":"dano","rawLabel":"damaged","fieldValidated":false,"rawEventCode":null,"modelScore":0.6125}},{"type":"Feature","geometry":{"type":"Point","coordinates":[-76.57488584400019,3.455009348000269]},"properties":{"externalId":"msft-cali-3245823","damageLevel":"dano","rawLabel":"damaged","fieldValidated":false,"rawEventCode":null,"modelScore":0.23976608187134502}},{"type":"Feature","geometry":{"type":"Point","coordinates":[-76.60974098500034,3.520198398999775]},"properties":{"externalId":"msft-cali-3253513","damageLevel":"dano","rawLabel":"damaged","fieldValidated":false,"rawEventCode":null,"modelScore":0.7063492063492064}},{"type":"Feature","geometry":{"type":"Point","coordinates":[-76.58176708420248,3.455567072909061]},"properties":{"externalId":"msft-cali-3261920","damageLevel":"dano","rawLabel":"damaged","fieldValidated":false,"rawEventCode":null,"modelScore":0.3372093023255814}},{"type":"Feature","geometry":{"type":"Point","coordinates":[-76.5832493679999,3.459479952999978]},"properties":{"externalId":"msft-cali-3261962","damageLevel":"dano","rawLabel":"damaged","fieldValidated":false,"rawEventCode":null,"modelScore":0.8809523809523809}},{"type":"Feature","geometry":{"type":"Point","coordinates":[-76.58333815414268,3.459540720050935]},"properties":{"externalId":"msft-cali-3261976","damageLevel":"dano","rawLabel":"damaged","fieldValidated":false,"rawEventCode":null,"modelScore":0.4620991253644315}},{"type":"Feature","geometry":{"type":"Point","coordinates":[-76.47202180759669,3.45067912222135]},"properties":{"externalId":"msft-cali-3305476","damageLevel":"dano","rawLabel":"damaged","fieldValidated":false,"rawEventCode":null,"modelScore":0.8529886914378029}},{"type":"Feature","geometry":{"type":"Point","coordinates":[-76.47209100203497,3.450845734938896]},"properties":{"externalId":"msft-cali-3305477","damageLevel":"dano","rawLabel":"damaged","fieldValidated":false,"rawEventCode":null,"modelScore":1.0}},{"type":"Feature","geometry":{"type":"Point","coordinates":[-76.4720753874998,3.450873702000415]},"properties":{"externalId":"msft-cali-3305478","damageLevel":"dano","rawLabel":"damaged","fieldValidated":false,"rawEventCode":null,"modelScore":1.0}},{"type":"Feature","geometry":{"type":"Point","coordinates":[-76.4720713134995,3.450475670000452]},"properties":{"externalId":"msft-cali-3305479","damageLevel":"dano","rawLabel":"damaged","fieldValidated":false,"rawEventCode":null,"modelScore":1.0}},{"type":"Feature","geometry":{"type":"Point","coordinates":[-76.4720506434552,3.450895504647868]},"properties":{"externalId":"msft-cali-3305481","damageLevel":"dano","rawLabel":"damaged","fieldValidated":false,"rawEventCode":null,"modelScore":1.0}},{"type":"Feature","geometry":{"type":"Point","coordinates":[-76.4720157955,3.450924281500274]},"properties":{"externalId":"msft-cali-3305483","damageLevel":"dano","rawLabel":"damaged","fieldValidated":false,"rawEventCode":null,"modelScore":1.0}},{"type":"Feature","geometry":{"type":"Point","coordinates":[-76.4718583747647,3.450687223250144]},"properties":{"externalId":"msft-cali-3305484","damageLevel":"dano","rawLabel":"damaged","fieldValidated":false,"rawEventCode":null,"modelScore":0.2802937576499388}},{"type":"Feature","geometry":{"type":"Point","coordinates":[-76.47539296800876,3.451445778543956]},"properties":{"externalId":"msft-cali-3305555","damageLevel":"dano","rawLabel":"damaged","fieldValidated":false,"rawEventCode":null,"modelScore":0.7023411371237458}},{"type":"Feature","geometry":{"type":"Point","coordinates":[-76.4719475761579,3.450956955219867]},"properties":{"externalId":"msft-cali-3305581","damageLevel":"dano","rawLabel":"damaged","fieldValidated":false,"rawEventCode":null,"modelScore":0.5882352941176471}},{"type":"Feature","geometry":{"type":"Point","coordinates":[-76.47210625913264,3.451008883374238]},"properties":{"externalId":"msft-cali-3305586","damageLevel":"dano","rawLabel":"damaged","fieldValidated":false,"rawEventCode":null,"modelScore":0.8888888888888888}},{"type":"Feature","geometry":{"type":"Point","coordinates":[-76.47207842649928,3.451030013000379]},"properties":{"externalId":"msft-cali-3305589","damageLevel":"dano","rawLabel":"damaged","fieldValidated":false,"rawEventCode":null,"modelScore":1.0}},{"type":"Feature","geometry":{"type":"Point","coordinates":[-76.47201442480961,3.451051300602474]},"properties":{"externalId":"msft-cali-3305592","damageLevel":"dano","rawLabel":"damaged","fieldValidated":false,"rawEventCode":null,"modelScore":1.0}},{"type":"Feature","geometry":{"type":"Point","coordinates":[-76.47195590576229,3.451081442931152]},"properties":{"externalId":"msft-cali-3305593","damageLevel":"dano","rawLabel":"damaged","fieldValidated":false,"rawEventCode":null,"modelScore":1.0}},{"type":"Feature","geometry":{"type":"Point","coordinates":[-76.47210065553246,3.451099478847113]},"properties":{"externalId":"msft-cali-3305595","damageLevel":"dano","rawLabel":"damaged","fieldValidated":false,"rawEventCode":null,"modelScore":0.7011494252873564}},{"type":"Feature","geometry":{"type":"Point","coordinates":[-76.4719259304998,3.451155543999867]},"properties":{"externalId":"msft-cali-3305599","damageLevel":"dano","rawLabel":"damaged","fieldValidated":false,"rawEventCode":null,"modelScore":1.0}},{"type":"Feature","geometry":{"type":"Point","coordinates":[-76.47215551144588,3.451066171153536]},"properties":{"externalId":"msft-cali-3305602","damageLevel":"dano","rawLabel":"damaged","fieldValidated":false,"rawEventCode":null,"modelScore":0.3230769230769231}},{"type":"Feature","geometry":{"type":"Point","coordinates":[-76.47213325599945,3.450987001500664]},"properties":{"externalId":"msft-cali-3305603","damageLevel":"dano","rawLabel":"damaged","fieldValidated":false,"rawEventCode":null,"modelScore":0.25892857142857145}},{"type":"Feature","geometry":{"type":"Point","coordinates":[-76.47187746999991,3.451093374999977]},"properties":{"externalId":"msft-cali-3305604","damageLevel":"dano","rawLabel":"damaged","fieldValidated":false,"rawEventCode":null,"modelScore":0.7471264367816092}},{"type":"Feature","geometry":{"type":"Point","coordinates":[-76.47187641700012,3.450969916000175]},"properties":{"externalId":"msft-cali-3305605","damageLevel":"dano","rawLabel":"damaged","fieldValidated":false,"rawEventCode":null,"modelScore":0.15730337078651685}},{"type":"Feature","geometry":{"type":"Point","coordinates":[-76.47204356801437,3.451036185679528]},"properties":{"externalId":"msft-cali-3305606","damageLevel":"dano","rawLabel":"damaged","fieldValidated":false,"rawEventCode":null,"modelScore":1.0}},{"type":"Feature","geometry":{"type":"Point","coordinates":[-76.47232792620525,3.450697495486179]},"properties":{"externalId":"msft-cali-3305618","damageLevel":"dano","rawLabel":"damaged","fieldValidated":false,"rawEventCode":null,"modelScore":0.25146198830409355}},{"type":"Feature","geometry":{"type":"Point","coordinates":[-76.4721479379969,3.450492800000047]},"properties":{"externalId":"msft-cali-3305625","damageLevel":"dano","rawLabel":"damaged","fieldValidated":false,"rawEventCode":null,"modelScore":0.44886363636363635}},{"type":"Feature","geometry":{"type":"Point","coordinates":[-76.47213755959531,3.450732704266755]},"properties":{"externalId":"msft-cali-3305628","damageLevel":"dano","rawLabel":"damaged","fieldValidated":false,"rawEventCode":null,"modelScore":0.9072847682119205}},{"type":"Feature","geometry":{"type":"Point","coordinates":[-76.47212479891064,3.450796032384431]},"properties":{"externalId":"msft-cali-3305629","damageLevel":"dano","rawLabel":"damaged","fieldValidated":false,"rawEventCode":null,"modelScore":1.0}},{"type":"Feature","geometry":{"type":"Point","coordinates":[-76.47631360485458,3.449802094772952]},"properties":{"externalId":"msft-cali-3305747","damageLevel":"dano","rawLabel":"damaged","fieldValidated":false,"rawEventCode":null,"modelScore":0.171875}},{"type":"Feature","geometry":{"type":"Point","coordinates":[-76.46895349772505,3.449789818662463]},"properties":{"externalId":"msft-cali-3305819","damageLevel":"dano","rawLabel":"damaged","fieldValidated":false,"rawEventCode":null,"modelScore":0.2808219178082192}},{"type":"Feature","geometry":{"type":"Point","coordinates":[-76.47508878214575,3.447785403328109]},"properties":{"externalId":"msft-cali-3305946","damageLevel":"dano","rawLabel":"damaged","fieldValidated":false,"rawEventCode":null,"modelScore":0.3695652173913043}},{"type":"Feature","geometry":{"type":"Point","coordinates":[-76.47156597641428,3.446928026163031]},"properties":{"externalId":"msft-cali-3306161","damageLevel":"dano","rawLabel":"damaged","fieldValidated":false,"rawEventCode":null,"modelScore":0.2849462365591398}},{"type":"Feature","geometry":{"type":"Point","coordinates":[-76.4616467303634,3.431987705931137]},"properties":{"externalId":"msft-cali-3309322","damageLevel":"dano","rawLabel":"damaged","fieldValidated":false,"rawEventCode":null,"modelScore":0.63671875}},{"type":"Feature","geometry":{"type":"Point","coordinates":[-76.4615848865,3.431959785999894]},"properties":{"externalId":"msft-cali-3309331","damageLevel":"dano","rawLabel":"damaged","fieldValidated":false,"rawEventCode":null,"modelScore":0.11403508771929824}},{"type":"Feature","geometry":{"type":"Point","coordinates":[-76.46147482894544,3.432366542130758]},"properties":{"externalId":"msft-cali-3309339","damageLevel":"dano","rawLabel":"damaged","fieldValidated":false,"rawEventCode":null,"modelScore":0.3909348441926346}},{"type":"Feature","geometry":{"type":"Point","coordinates":[-76.46141483925112,3.432200485216459]},"properties":{"externalId":"msft-cali-3309345","damageLevel":"dano","rawLabel":"damaged","fieldValidated":false,"rawEventCode":null,"modelScore":1.0}},{"type":"Feature","geometry":{"type":"Point","coordinates":[-76.4613363332357,3.432151659415656]},"properties":{"externalId":"msft-cali-3309357","damageLevel":"dano","rawLabel":"damaged","fieldValidated":false,"rawEventCode":null,"modelScore":1.0}},{"type":"Feature","geometry":{"type":"Point","coordinates":[-76.46046291828397,3.444474267398108]},"properties":{"externalId":"msft-cali-3313148","damageLevel":"dano","rawLabel":"damaged","fieldValidated":false,"rawEventCode":null,"modelScore":0.13157894736842105}},{"type":"Feature","geometry":{"type":"Point","coordinates":[-76.4604368858161,3.444602745629157]},"properties":{"externalId":"msft-cali-3313150","damageLevel":"dano","rawLabel":"damaged","fieldValidated":false,"rawEventCode":null,"modelScore":0.1875}},{"type":"Feature","geometry":{"type":"Point","coordinates":[-76.46041406104378,3.444534593272546]},"properties":{"externalId":"msft-cali-3313153","damageLevel":"dano","rawLabel":"damaged","fieldValidated":false,"rawEventCode":null,"modelScore":0.7938144329896907}},{"type":"Feature","geometry":{"type":"Point","coordinates":[-76.4714034319993,3.419175319002944]},"properties":{"externalId":"msft-cali-3313833","damageLevel":"dano","rawLabel":"damaged","fieldValidated":false,"rawEventCode":null,"modelScore":0.23897911832946636}},{"type":"Feature","geometry":{"type":"Point","coordinates":[-76.47137509934514,3.41923309102001]},"properties":{"externalId":"msft-cali-3313834","damageLevel":"dano","rawLabel":"damaged","fieldValidated":false,"rawEventCode":null,"modelScore":0.31784841075794623}},{"type":"Feature","geometry":{"type":"Point","coordinates":[-76.47127503365653,3.419100234108898]},"properties":{"externalId":"msft-cali-3313839","damageLevel":"dano","rawLabel":"damaged","fieldValidated":false,"rawEventCode":null,"modelScore":0.9596977329974811}},{"type":"Feature","geometry":{"type":"Point","coordinates":[-76.4712131691484,3.419158053734932]},"properties":{"externalId":"msft-cali-3313844","damageLevel":"dano","rawLabel":"damaged","fieldValidated":false,"rawEventCode":null,"modelScore":0.4361111111111111}},{"type":"Feature","geometry":{"type":"Point","coordinates":[-76.47458649901311,3.419963782657685]},"properties":{"externalId":"msft-cali-3315672","damageLevel":"dano","rawLabel":"damaged","fieldValidated":false,"rawEventCode":null,"modelScore":0.13064133016627077}},{"type":"Feature","geometry":{"type":"Point","coordinates":[-76.47158466973431,3.430257675538287]},"properties":{"externalId":"msft-cali-3317465","damageLevel":"dano","rawLabel":"damaged","fieldValidated":false,"rawEventCode":null,"modelScore":0.3026052104208417}},{"type":"Feature","geometry":{"type":"Point","coordinates":[-76.47196294450205,3.429836093500113]},"properties":{"externalId":"msft-cali-3317867","damageLevel":"dano","rawLabel":"damaged","fieldValidated":false,"rawEventCode":null,"modelScore":0.1450381679389313}},{"type":"Feature","geometry":{"type":"Point","coordinates":[-76.47218042600234,3.42966390100006]},"properties":{"externalId":"msft-cali-3317880","damageLevel":"dano","rawLabel":"damaged","fieldValidated":false,"rawEventCode":null,"modelScore":0.17829457364341086}},{"type":"Feature","geometry":{"type":"Point","coordinates":[-76.46730497950067,3.432346110500677]},"properties":{"externalId":"msft-cali-3320964","damageLevel":"dano","rawLabel":"damaged","fieldValidated":false,"rawEventCode":null,"modelScore":0.10139860139860139}},{"type":"Feature","geometry":{"type":"Point","coordinates":[-76.46732122922245,3.432417759445357]},"properties":{"externalId":"msft-cali-3321099","damageLevel":"dano","rawLabel":"damaged","fieldValidated":false,"rawEventCode":null,"modelScore":0.10625}},{"type":"Feature","geometry":{"type":"Point","coordinates":[-76.46169023962062,3.430472683201657]},"properties":{"externalId":"msft-cali-3325712","damageLevel":"dano","rawLabel":"damaged","fieldValidated":false,"rawEventCode":null,"modelScore":0.14420062695924765}},{"type":"Feature","geometry":{"type":"Point","coordinates":[-76.46154951165519,3.430527415300843]},"properties":{"externalId":"msft-cali-3325714","damageLevel":"dano","rawLabel":"damaged","fieldValidated":false,"rawEventCode":null,"modelScore":0.18826219512195122}},{"type":"Feature","geometry":{"type":"Point","coordinates":[-76.46234745804082,3.424603168767401]},"properties":{"externalId":"msft-cali-3326095","damageLevel":"dano","rawLabel":"damaged","fieldValidated":false,"rawEventCode":null,"modelScore":0.7569721115537849}},{"type":"Feature","geometry":{"type":"Point","coordinates":[-76.46227109400051,3.424602202500714]},"properties":{"externalId":"msft-cali-3326096","damageLevel":"dano","rawLabel":"damaged","fieldValidated":false,"rawEventCode":null,"modelScore":0.24829157175398633}},{"type":"Feature","geometry":{"type":"Point","coordinates":[-76.4623964487753,3.424661655728464]},"properties":{"externalId":"msft-cali-3326138","damageLevel":"dano","rawLabel":"damaged","fieldValidated":false,"rawEventCode":null,"modelScore":0.1871345029239766}},{"type":"Feature","geometry":{"type":"Point","coordinates":[-76.46497890816677,3.415501214740032]},"properties":{"externalId":"msft-cali-3333183","damageLevel":"dano","rawLabel":"damaged","fieldValidated":false,"rawEventCode":null,"modelScore":0.4049586776859504}},{"type":"Feature","geometry":{"type":"Point","coordinates":[-76.4649076312148,3.415394491455776]},"properties":{"externalId":"msft-cali-3333186","damageLevel":"dano","rawLabel":"damaged","fieldValidated":false,"rawEventCode":null,"modelScore":0.21525885558583105}},{"type":"Feature","geometry":{"type":"Point","coordinates":[-76.46222533450431,3.418688256507758]},"properties":{"externalId":"msft-cali-3333902","damageLevel":"dano","rawLabel":"damaged","fieldValidated":false,"rawEventCode":null,"modelScore":0.21153846153846154}},{"type":"Feature","geometry":{"type":"Point","coordinates":[-76.46227949600012,3.418808518999749]},"properties":{"externalId":"msft-cali-3333904","damageLevel":"dano","rawLabel":"damaged","fieldValidated":false,"rawEventCode":null,"modelScore":0.14049586776859505}},{"type":"Feature","geometry":{"type":"Point","coordinates":[-76.46224790000008,3.418392650000093]},"properties":{"externalId":"msft-cali-3333907","damageLevel":"dano","rawLabel":"damaged","fieldValidated":false,"rawEventCode":null,"modelScore":0.21465968586387435}},{"type":"Feature","geometry":{"type":"Point","coordinates":[-76.46462822201009,3.415790310668574]},"properties":{"externalId":"msft-cali-3334091","damageLevel":"dano","rawLabel":"damaged","fieldValidated":false,"rawEventCode":null,"modelScore":0.5675675675675675}},{"type":"Feature","geometry":{"type":"Point","coordinates":[-76.46466115087317,3.415832187919682]},"properties":{"externalId":"msft-cali-3334122","damageLevel":"dano","rawLabel":"damaged","fieldValidated":false,"rawEventCode":null,"modelScore":0.16806722689075632}},{"type":"Feature","geometry":{"type":"Point","coordinates":[-76.46458550749882,3.415735988500848]},"properties":{"externalId":"msft-cali-3334133","damageLevel":"dano","rawLabel":"damaged","fieldValidated":false,"rawEventCode":null,"modelScore":0.35428571428571426}},{"type":"Feature","geometry":{"type":"Point","coordinates":[-76.46219233864372,3.447790037921333]},"properties":{"externalId":"msft-cali-3334349","damageLevel":"dano","rawLabel":"damaged","fieldValidated":false,"rawEventCode":null,"modelScore":1.0}},{"type":"Feature","geometry":{"type":"Point","coordinates":[-76.46343001773124,3.440535981970269]},"properties":{"externalId":"msft-cali-3334736","damageLevel":"dano","rawLabel":"damaged","fieldValidated":false,"rawEventCode":null,"modelScore":0.125}},{"type":"Feature","geometry":{"type":"Point","coordinates":[-76.46390605065898,3.443433037550919]},"properties":{"externalId":"msft-cali-3334774","damageLevel":"dano","rawLabel":"damaged","fieldValidated":false,"rawEventCode":null,"modelScore":0.8929503916449086}},{"type":"Feature","geometry":{"type":"Point","coordinates":[-76.4665723480199,3.436213989700734]},"properties":{"externalId":"msft-cali-3335136","damageLevel":"dano","rawLabel":"damaged","fieldValidated":false,"rawEventCode":null,"modelScore":0.15047619047619049}},{"type":"Feature","geometry":{"type":"Point","coordinates":[-76.47175951136269,3.421496016346331]},"properties":{"externalId":"msft-cali-3341902","damageLevel":"dano","rawLabel":"damaged","fieldValidated":false,"rawEventCode":null,"modelScore":0.17916666666666667}},{"type":"Feature","geometry":{"type":"Point","coordinates":[-76.4717329728621,3.421535098155089]},"properties":{"externalId":"msft-cali-3341903","damageLevel":"dano","rawLabel":"damaged","fieldValidated":false,"rawEventCode":null,"modelScore":0.21345707656612528}},{"type":"Feature","geometry":{"type":"Point","coordinates":[-76.47248717431336,3.423159452862999]},"properties":{"externalId":"msft-cali-3341938","damageLevel":"dano","rawLabel":"damaged","fieldValidated":false,"rawEventCode":null,"modelScore":0.1497005988023952}},{"type":"Feature","geometry":{"type":"Point","coordinates":[-76.47419405407717,3.424227309327119]},"properties":{"externalId":"msft-cali-3342269","damageLevel":"dano","rawLabel":"damaged","fieldValidated":false,"rawEventCode":null,"modelScore":0.3233082706766917}},{"type":"Feature","geometry":{"type":"Point","coordinates":[-76.47464120100106,3.434390739500362]},"properties":{"externalId":"msft-cali-3344760","damageLevel":"dano","rawLabel":"damaged","fieldValidated":false,"rawEventCode":null,"modelScore":0.4700460829493088}},{"type":"Feature","geometry":{"type":"Point","coordinates":[-76.47380184508513,3.424636619579231]},"properties":{"externalId":"msft-cali-3348944","damageLevel":"dano","rawLabel":"damaged","fieldValidated":false,"rawEventCode":null,"modelScore":0.5607940446650124}},{"type":"Feature","geometry":{"type":"Point","coordinates":[-76.47913109300062,3.430933495501039]},"properties":{"externalId":"msft-cali-3351121","damageLevel":"dano","rawLabel":"damaged","fieldValidated":false,"rawEventCode":null,"modelScore":0.13229571984435798}},{"type":"Feature","geometry":{"type":"Point","coordinates":[-76.47745905255222,3.428579557229174]},"properties":{"externalId":"msft-cali-3351203","damageLevel":"dano","rawLabel":"damaged","fieldValidated":false,"rawEventCode":null,"modelScore":0.5}},{"type":"Feature","geometry":{"type":"Point","coordinates":[-76.47719366899989,3.431131666000819]},"properties":{"externalId":"msft-cali-3351271","damageLevel":"dano","rawLabel":"damaged","fieldValidated":false,"rawEventCode":null,"modelScore":0.8378378378378378}},{"type":"Feature","geometry":{"type":"Point","coordinates":[-76.47719760613623,3.431195701963405]},"properties":{"externalId":"msft-cali-3351272","damageLevel":"dano","rawLabel":"damaged","fieldValidated":false,"rawEventCode":null,"modelScore":0.14563106796116504}},{"type":"Feature","geometry":{"type":"Point","coordinates":[-76.47815256563213,3.430085336165695]},"properties":{"externalId":"msft-cali-3351643","damageLevel":"dano","rawLabel":"damaged","fieldValidated":false,"rawEventCode":null,"modelScore":0.10625}},{"type":"Feature","geometry":{"type":"Point","coordinates":[-76.53909096524639,3.41669420383226]},"properties":{"externalId":"msft-cali-3444237","damageLevel":"dano","rawLabel":"damaged","fieldValidated":false,"rawEventCode":null,"modelScore":0.1484480431848853}},{"type":"Feature","geometry":{"type":"Point","coordinates":[-76.53924443859778,3.41682974378582]},"properties":{"externalId":"msft-cali-3445086","damageLevel":"dano","rawLabel":"damaged","fieldValidated":false,"rawEventCode":null,"modelScore":0.7968036529680366}},{"type":"Feature","geometry":{"type":"Point","coordinates":[-76.5390614866138,3.416796714841731]},"properties":{"externalId":"msft-cali-3445094","damageLevel":"dano","rawLabel":"damaged","fieldValidated":false,"rawEventCode":null,"modelScore":0.24865446716899892}},{"type":"Feature","geometry":{"type":"Point","coordinates":[-76.5339945490021,3.423349318500653]},"properties":{"externalId":"msft-cali-3445586","damageLevel":"dano","rawLabel":"damaged","fieldValidated":false,"rawEventCode":null,"modelScore":0.0}},{"type":"Feature","geometry":{"type":"Point","coordinates":[-76.53464977427458,3.421442539526944]},"properties":{"externalId":"msft-cali-3445880","damageLevel":"dano","rawLabel":"damaged","fieldValidated":false,"rawEventCode":null,"modelScore":0.9530638852672751}},{"type":"Feature","geometry":{"type":"Point","coordinates":[-76.51609240450526,3.444720838009232]},"properties":{"externalId":"msft-cali-3446821","damageLevel":"dano","rawLabel":"damaged","fieldValidated":false,"rawEventCode":null,"modelScore":0.11931119311193111}},{"type":"Feature","geometry":{"type":"Point","coordinates":[-76.52701397825989,3.423460914638297]},"properties":{"externalId":"msft-cali-3451815","damageLevel":"dano","rawLabel":"damaged","fieldValidated":false,"rawEventCode":null,"modelScore":0.2926829268292683}},{"type":"Feature","geometry":{"type":"Point","coordinates":[-76.53869275102642,3.426608216811224]},"properties":{"externalId":"msft-cali-3456148","damageLevel":"dano","rawLabel":"damaged","fieldValidated":false,"rawEventCode":null,"modelScore":1.0}},{"type":"Feature","geometry":{"type":"Point","coordinates":[-76.53873451400038,3.426623454499746]},"properties":{"externalId":"msft-cali-3456149","damageLevel":"dano","rawLabel":"damaged","fieldValidated":false,"rawEventCode":null,"modelScore":0.7365269461077845}},{"type":"Feature","geometry":{"type":"Point","coordinates":[-76.53825736173644,3.431950747725252]},"properties":{"externalId":"msft-cali-3457075","damageLevel":"dano","rawLabel":"damaged","fieldValidated":false,"rawEventCode":null,"modelScore":0.6794871794871795}},{"type":"Feature","geometry":{"type":"Point","coordinates":[-76.51454261248985,3.43142342777497]},"properties":{"externalId":"msft-cali-3457487","damageLevel":"dano","rawLabel":"damaged","fieldValidated":false,"rawEventCode":null,"modelScore":0.32952138924184665}},{"type":"Feature","geometry":{"type":"Point","coordinates":[-76.51701130950191,3.433480062503808]},"properties":{"externalId":"msft-cali-3458106","damageLevel":"dano","rawLabel":"damaged","fieldValidated":false,"rawEventCode":null,"modelScore":0.10277777777777777}},{"type":"Feature","geometry":{"type":"Point","coordinates":[-76.51691932959369,3.433389708765793]},"properties":{"externalId":"msft-cali-3458112","damageLevel":"dano","rawLabel":"damaged","fieldValidated":false,"rawEventCode":null,"modelScore":0.7485380116959064}},{"type":"Feature","geometry":{"type":"Point","coordinates":[-76.51690244000004,3.433446277499957]},"properties":{"externalId":"msft-cali-3458115","damageLevel":"dano","rawLabel":"damaged","fieldValidated":false,"rawEventCode":null,"modelScore":0.7258064516129032}},{"type":"Feature","geometry":{"type":"Point","coordinates":[-76.51696969900003,3.433394364]},"properties":{"externalId":"msft-cali-3458124","damageLevel":"dano","rawLabel":"damaged","fieldValidated":false,"rawEventCode":null,"modelScore":0.3333333333333333}},{"type":"Feature","geometry":{"type":"Point","coordinates":[-76.516549476299,3.426394478376567]},"properties":{"externalId":"msft-cali-3459153","damageLevel":"dano","rawLabel":"damaged","fieldValidated":false,"rawEventCode":null,"modelScore":0.4418604651162791}},{"type":"Feature","geometry":{"type":"Point","coordinates":[-76.5257494043487,3.434630776094949]},"properties":{"externalId":"msft-cali-3461910","damageLevel":"dano","rawLabel":"damaged","fieldValidated":false,"rawEventCode":null,"modelScore":0.6366782006920415}},{"type":"Feature","geometry":{"type":"Point","coordinates":[-76.52777967249186,3.447689270714919]},"properties":{"externalId":"msft-cali-3463514","damageLevel":"dano","rawLabel":"damaged","fieldValidated":false,"rawEventCode":null,"modelScore":0.8009950248756219}},{"type":"Feature","geometry":{"type":"Point","coordinates":[-76.52848680599986,3.444526005499923]},"properties":{"externalId":"msft-cali-3464083","damageLevel":"dano","rawLabel":"damaged","fieldValidated":false,"rawEventCode":null,"modelScore":0.6213592233009708}},{"type":"Feature","geometry":{"type":"Point","coordinates":[-76.52843507413462,3.444446201550614]},"properties":{"externalId":"msft-cali-3464121","damageLevel":"dano","rawLabel":"damaged","fieldValidated":false,"rawEventCode":null,"modelScore":0.299057412167952}},{"type":"Feature","geometry":{"type":"Point","coordinates":[-76.52859129999958,3.44446087649962]},"properties":{"externalId":"msft-cali-3464122","damageLevel":"dano","rawLabel":"damaged","fieldValidated":false,"rawEventCode":null,"modelScore":0.41232227488151657}},{"type":"Feature","geometry":{"type":"Point","coordinates":[-76.54054238250032,3.440770369000558]},"properties":{"externalId":"msft-cali-3465654","damageLevel":"dano","rawLabel":"damaged","fieldValidated":false,"rawEventCode":null,"modelScore":0.5819209039548022}},{"type":"Feature","geometry":{"type":"Point","coordinates":[-76.52030484376105,3.417954387062836]},"properties":{"externalId":"msft-cali-3469453","damageLevel":"dano","rawLabel":"damaged","fieldValidated":false,"rawEventCode":null,"modelScore":0.24302325581395348}},{"type":"Feature","geometry":{"type":"Point","coordinates":[-76.51451147195516,3.415084419101254]},"properties":{"externalId":"msft-cali-3470225","damageLevel":"dano","rawLabel":"damaged","fieldValidated":false,"rawEventCode":null,"modelScore":0.5015625}},{"type":"Feature","geometry":{"type":"Point","coordinates":[-76.52169618519996,3.452050542249363]},"properties":{"externalId":"msft-cali-3476467","damageLevel":"dano","rawLabel":"damaged","fieldValidated":false,"rawEventCode":null,"modelScore":0.18503937007874016}},{"type":"Feature","geometry":{"type":"Point","coordinates":[-76.5333115311517,3.424829248314126]},"properties":{"externalId":"msft-cali-3485571","damageLevel":"dano","rawLabel":"damaged","fieldValidated":false,"rawEventCode":null,"modelScore":0.15625}},{"type":"Feature","geometry":{"type":"Point","coordinates":[-76.53318079932818,3.424881097787317]},"properties":{"externalId":"msft-cali-3485574","damageLevel":"dano","rawLabel":"damaged","fieldValidated":false,"rawEventCode":null,"modelScore":0.31225296442687744}},{"type":"Feature","geometry":{"type":"Point","coordinates":[-76.53329146595567,3.424921100098656]},"properties":{"externalId":"msft-cali-3485587","damageLevel":"dano","rawLabel":"damaged","fieldValidated":false,"rawEventCode":null,"modelScore":0.35778175313059035}},{"type":"Feature","geometry":{"type":"Point","coordinates":[-76.53705883825343,3.445391013720237]},"properties":{"externalId":"msft-cali-3490962","damageLevel":"dano","rawLabel":"damaged","fieldValidated":false,"rawEventCode":null,"modelScore":0.21621621621621623}},{"type":"Feature","geometry":{"type":"Point","coordinates":[-76.5347138155003,3.434259113000635]},"properties":{"externalId":"msft-cali-3492635","damageLevel":"dano","rawLabel":"damaged","fieldValidated":false,"rawEventCode":null,"modelScore":0.4109090909090909}},{"type":"Feature","geometry":{"type":"Point","coordinates":[-76.53476705448566,3.434332647684544]},"properties":{"externalId":"msft-cali-3492638","damageLevel":"dano","rawLabel":"damaged","fieldValidated":false,"rawEventCode":null,"modelScore":1.0}},{"type":"Feature","geometry":{"type":"Point","coordinates":[-76.53482025500077,3.434359288498881]},"properties":{"externalId":"msft-cali-3492640","damageLevel":"dano","rawLabel":"damaged","fieldValidated":false,"rawEventCode":null,"modelScore":1.0}},{"type":"Feature","geometry":{"type":"Point","coordinates":[-76.52831388601666,3.432580127518196]},"properties":{"externalId":"msft-cali-3495527","damageLevel":"dano","rawLabel":"damaged","fieldValidated":false,"rawEventCode":null,"modelScore":0.25261044176706826}},{"type":"Feature","geometry":{"type":"Point","coordinates":[-76.52830039743463,3.432719210660993]},"properties":{"externalId":"msft-cali-3495530","damageLevel":"dano","rawLabel":"damaged","fieldValidated":false,"rawEventCode":null,"modelScore":0.5598330241187384}},{"type":"Feature","geometry":{"type":"Point","coordinates":[-76.52444952623047,3.419692424979134]},"properties":{"externalId":"msft-cali-3496813","damageLevel":"dano","rawLabel":"damaged","fieldValidated":false,"rawEventCode":null,"modelScore":0.11304347826086956}},{"type":"Feature","geometry":{"type":"Point","coordinates":[-76.52445772848175,3.419501761269617]},"properties":{"externalId":"msft-cali-3497290","damageLevel":"dano","rawLabel":"damaged","fieldValidated":false,"rawEventCode":null,"modelScore":0.1437908496732026}},{"type":"Feature","geometry":{"type":"Point","coordinates":[-76.54122228837824,3.424902539220084]},"properties":{"externalId":"msft-cali-3500956","damageLevel":"dano","rawLabel":"damaged","fieldValidated":false,"rawEventCode":null,"modelScore":0.14496314496314497}},{"type":"Feature","geometry":{"type":"Point","coordinates":[-76.54116105204375,3.424897488770829]},"properties":{"externalId":"msft-cali-3500960","damageLevel":"dano","rawLabel":"damaged","fieldValidated":false,"rawEventCode":null,"modelScore":0.3502824858757062}},{"type":"Feature","geometry":{"type":"Point","coordinates":[-76.5405607146177,3.427602820750397]},"properties":{"externalId":"msft-cali-3501154","damageLevel":"dano","rawLabel":"damaged","fieldValidated":false,"rawEventCode":null,"modelScore":0.18085106382978725}},{"type":"Feature","geometry":{"type":"Point","coordinates":[-76.54073719899982,3.416608122500188]},"properties":{"externalId":"msft-cali-3502476","damageLevel":"dano","rawLabel":"damaged","fieldValidated":false,"rawEventCode":null,"modelScore":0.8235294117647058}},{"type":"Feature","geometry":{"type":"Point","coordinates":[-76.54138877300015,3.414448811000962]},"properties":{"externalId":"msft-cali-3502537","damageLevel":"dano","rawLabel":"damaged","fieldValidated":false,"rawEventCode":null,"modelScore":0.15357142857142858}},{"type":"Feature","geometry":{"type":"Point","coordinates":[-76.54170971855063,3.414515727856985]},"properties":{"externalId":"msft-cali-3502539","damageLevel":"dano","rawLabel":"damaged","fieldValidated":false,"rawEventCode":null,"modelScore":0.9368600682593856}},{"type":"Feature","geometry":{"type":"Point","coordinates":[-76.5415049130002,3.41449819350059]},"properties":{"externalId":"msft-cali-3502540","damageLevel":"dano","rawLabel":"damaged","fieldValidated":false,"rawEventCode":null,"modelScore":0.9918367346938776}},{"type":"Feature","geometry":{"type":"Point","coordinates":[-76.54139912605874,3.414540623176086]},"properties":{"externalId":"msft-cali-3502541","damageLevel":"dano","rawLabel":"damaged","fieldValidated":false,"rawEventCode":null,"modelScore":0.12850467289719625}},{"type":"Feature","geometry":{"type":"Point","coordinates":[-76.54164393897038,3.414585416840254]},"properties":{"externalId":"msft-cali-3502542","damageLevel":"dano","rawLabel":"damaged","fieldValidated":false,"rawEventCode":null,"modelScore":0.9975247524752475}},{"type":"Feature","geometry":{"type":"Point","coordinates":[-76.54153896349743,3.414642203499692]},"properties":{"externalId":"msft-cali-3502543","damageLevel":"dano","rawLabel":"damaged","fieldValidated":false,"rawEventCode":null,"modelScore":0.555045871559633}},{"type":"Feature","geometry":{"type":"Point","coordinates":[-76.54159652773613,3.414646768906654]},"properties":{"externalId":"msft-cali-3502546","damageLevel":"dano","rawLabel":"damaged","fieldValidated":false,"rawEventCode":null,"modelScore":1.0}},{"type":"Feature","geometry":{"type":"Point","coordinates":[-76.54032954100022,3.423381417]},"properties":{"externalId":"msft-cali-3503250","damageLevel":"dano","rawLabel":"damaged","fieldValidated":false,"rawEventCode":null,"modelScore":0.6181818181818182}},{"type":"Feature","geometry":{"type":"Point","coordinates":[-76.54027642331118,3.423359569963611]},"properties":{"externalId":"msft-cali-3503253","damageLevel":"dano","rawLabel":"damaged","fieldValidated":false,"rawEventCode":null,"modelScore":0.23958333333333334}},{"type":"Feature","geometry":{"type":"Point","coordinates":[-76.54276071632266,3.421106479699917]},"properties":{"externalId":"msft-cali-3503278","damageLevel":"dano","rawLabel":"damaged","fieldValidated":false,"rawEventCode":null,"modelScore":0.17395264116575593}},{"type":"Feature","geometry":{"type":"Point","coordinates":[-76.54300075288934,3.422424980132529]},"properties":{"externalId":"msft-cali-3503540","damageLevel":"dano","rawLabel":"damaged","fieldValidated":false,"rawEventCode":null,"modelScore":1.0}},{"type":"Feature","geometry":{"type":"Point","coordinates":[-76.54294914050121,3.422294907500792]},"properties":{"externalId":"msft-cali-3503541","damageLevel":"dano","rawLabel":"damaged","fieldValidated":false,"rawEventCode":null,"modelScore":0.6853002070393375}},{"type":"Feature","geometry":{"type":"Point","coordinates":[-76.53850355766657,3.422269484901597]},"properties":{"externalId":"msft-cali-3503598","damageLevel":"dano","rawLabel":"damaged","fieldValidated":false,"rawEventCode":null,"modelScore":0.4659498207885305}},{"type":"Feature","geometry":{"type":"Point","coordinates":[-76.53474837800117,3.421325073664736]},"properties":{"externalId":"msft-cali-3503655","damageLevel":"dano","rawLabel":"damaged","fieldValidated":false,"rawEventCode":null,"modelScore":0.49213483146067416}},{"type":"Feature","geometry":{"type":"Point","coordinates":[-76.53470204626512,3.421268343579108]},"properties":{"externalId":"msft-cali-3503656","damageLevel":"dano","rawLabel":"damaged","fieldValidated":false,"rawEventCode":null,"modelScore":0.1076923076923077}},{"type":"Feature","geometry":{"type":"Point","coordinates":[-76.54036838367988,3.423439028518138]},"properties":{"externalId":"msft-cali-3504082","damageLevel":"dano","rawLabel":"damaged","fieldValidated":false,"rawEventCode":null,"modelScore":0.28640776699029125}},{"type":"Feature","geometry":{"type":"Point","coordinates":[-76.53682170750032,3.419625796999801]},"properties":{"externalId":"msft-cali-3504468","damageLevel":"dano","rawLabel":"damaged","fieldValidated":false,"rawEventCode":null,"modelScore":0.0}},{"type":"Feature","geometry":{"type":"Point","coordinates":[-76.5369262488667,3.419658508700538]},"properties":{"externalId":"msft-cali-3504469","damageLevel":"dano","rawLabel":"damaged","fieldValidated":false,"rawEventCode":null,"modelScore":0.0}},{"type":"Feature","geometry":{"type":"Point","coordinates":[-76.53696078640195,3.419736505204074]},"properties":{"externalId":"msft-cali-3504471","damageLevel":"dano","rawLabel":"damaged","fieldValidated":false,"rawEventCode":null,"modelScore":0.039473684210526314}},{"type":"Feature","geometry":{"type":"Point","coordinates":[-76.54139682300001,3.434972798500121]},"properties":{"externalId":"msft-cali-3505520","damageLevel":"dano","rawLabel":"damaged","fieldValidated":false,"rawEventCode":null,"modelScore":0.25316455696202533}},{"type":"Feature","geometry":{"type":"Point","coordinates":[-76.54130283300009,3.43494142650026]},"properties":{"externalId":"msft-cali-3505524","damageLevel":"dano","rawLabel":"damaged","fieldValidated":false,"rawEventCode":null,"modelScore":1.0}},{"type":"Feature","geometry":{"type":"Point","coordinates":[-76.51988167399854,3.461802620004972]},"properties":{"externalId":"msft-cali-4025136","damageLevel":"dano","rawLabel":"damaged","fieldValidated":false,"rawEventCode":null,"modelScore":0.438752052545156}},{"type":"Feature","geometry":{"type":"Point","coordinates":[-76.52184659036749,3.487071581832828]},"properties":{"externalId":"msft-cali-4028979","damageLevel":"dano","rawLabel":"damaged","fieldValidated":false,"rawEventCode":null,"modelScore":0.12023038156947444}},{"type":"Feature","geometry":{"type":"Point","coordinates":[-76.5217565463141,3.487277435481196]},"properties":{"externalId":"msft-cali-4029012","damageLevel":"dano","rawLabel":"damaged","fieldValidated":false,"rawEventCode":null,"modelScore":0.10744985673352435}},{"type":"Feature","geometry":{"type":"Point","coordinates":[-76.52195980782577,3.487347942499265]},"properties":{"externalId":"msft-cali-4029013","damageLevel":"dano","rawLabel":"damaged","fieldValidated":false,"rawEventCode":null,"modelScore":0.19869281045751633}},{"type":"Feature","geometry":{"type":"Point","coordinates":[-76.52325954303025,3.486185471829566]},"properties":{"externalId":"msft-cali-4029231","damageLevel":"dano","rawLabel":"damaged","fieldValidated":false,"rawEventCode":null,"modelScore":0.2519280205655527}},{"type":"Feature","geometry":{"type":"Point","coordinates":[-76.52612537950148,3.49059508150004]},"properties":{"externalId":"msft-cali-4029385","damageLevel":"dano","rawLabel":"damaged","fieldValidated":false,"rawEventCode":null,"modelScore":0.4082687338501292}},{"type":"Feature","geometry":{"type":"Point","coordinates":[-76.52430836162756,3.486052100348432]},"properties":{"externalId":"msft-cali-4029412","damageLevel":"dano","rawLabel":"damaged","fieldValidated":false,"rawEventCode":null,"modelScore":0.7154696132596685}},{"type":"Feature","geometry":{"type":"Point","coordinates":[-76.52427503100004,3.485959668]},"properties":{"externalId":"msft-cali-4029415","damageLevel":"dano","rawLabel":"damaged","fieldValidated":false,"rawEventCode":null,"modelScore":0.6352941176470588}},{"type":"Feature","geometry":{"type":"Point","coordinates":[-76.52813626569035,3.48775158027147]},"properties":{"externalId":"msft-cali-4029556","damageLevel":"dano","rawLabel":"damaged","fieldValidated":false,"rawEventCode":null,"modelScore":0.14985422740524781}},{"type":"Feature","geometry":{"type":"Point","coordinates":[-76.52858894399905,3.488198750502606]},"properties":{"externalId":"msft-cali-4029668","damageLevel":"dano","rawLabel":"damaged","fieldValidated":false,"rawEventCode":null,"modelScore":0.2764026402640264}},{"type":"Feature","geometry":{"type":"Point","coordinates":[-76.5294304308263,3.488132546009924]},"properties":{"externalId":"msft-cali-4029693","damageLevel":"dano","rawLabel":"damaged","fieldValidated":false,"rawEventCode":null,"modelScore":0.20754716981132076}},{"type":"Feature","geometry":{"type":"Point","coordinates":[-76.52945671672656,3.48817216261781]},"properties":{"externalId":"msft-cali-4029696","damageLevel":"dano","rawLabel":"damaged","fieldValidated":false,"rawEventCode":null,"modelScore":0.16176470588235295}},{"type":"Feature","geometry":{"type":"Point","coordinates":[-76.49920463217012,3.498125021688277]},"properties":{"externalId":"msft-cali-4031147","damageLevel":"dano","rawLabel":"damaged","fieldValidated":false,"rawEventCode":null,"modelScore":0.22448979591836735}},{"type":"Feature","geometry":{"type":"Point","coordinates":[-76.50899813700057,3.546593014000814]},"properties":{"externalId":"msft-cali-4032541","damageLevel":"dano","rawLabel":"damaged","fieldValidated":false,"rawEventCode":null,"modelScore":0.4966139954853273}},{"type":"Feature","geometry":{"type":"Point","coordinates":[-76.5094454945,3.546733953]},"properties":{"externalId":"msft-cali-4032543","damageLevel":"dano","rawLabel":"damaged","fieldValidated":false,"rawEventCode":null,"modelScore":1.0}},{"type":"Feature","geometry":{"type":"Point","coordinates":[-76.5092966000003,3.546678899999699]},"properties":{"externalId":"msft-cali-4032563","damageLevel":"dano","rawLabel":"damaged","fieldValidated":false,"rawEventCode":null,"modelScore":0.1896551724137931}},{"type":"Feature","geometry":{"type":"Point","coordinates":[-76.49502609249969,3.465388568499708]},"properties":{"externalId":"msft-cali-4034796","damageLevel":"dano","rawLabel":"damaged","fieldValidated":false,"rawEventCode":null,"modelScore":0.1483739837398374}},{"type":"Feature","geometry":{"type":"Point","coordinates":[-76.49223663554824,3.466268078693015]},"properties":{"externalId":"msft-cali-4035127","damageLevel":"dano","rawLabel":"damaged","fieldValidated":false,"rawEventCode":null,"modelScore":0.19248826291079812}},{"type":"Feature","geometry":{"type":"Point","coordinates":[-76.49965589149893,3.470189025000032]},"properties":{"externalId":"msft-cali-4035544","damageLevel":"dano","rawLabel":"damaged","fieldValidated":false,"rawEventCode":null,"modelScore":0.3157894736842105}},{"type":"Feature","geometry":{"type":"Point","coordinates":[-76.50259079674011,3.475364123808292]},"properties":{"externalId":"msft-cali-4036293","damageLevel":"dano","rawLabel":"damaged","fieldValidated":false,"rawEventCode":null,"modelScore":0.6595059076262084}},{"type":"Feature","geometry":{"type":"Point","coordinates":[-76.50232883800145,3.484668174497936]},"properties":{"externalId":"msft-cali-4036415","damageLevel":"dano","rawLabel":"damaged","fieldValidated":false,"rawEventCode":null,"modelScore":0.21465968586387435}},{"type":"Feature","geometry":{"type":"Point","coordinates":[-76.50100186853749,3.480189228993031]},"properties":{"externalId":"msft-cali-4036567","damageLevel":"dano","rawLabel":"damaged","fieldValidated":false,"rawEventCode":null,"modelScore":0.2637734687596183}},{"type":"Feature","geometry":{"type":"Point","coordinates":[-76.5008160560735,3.480204908466656]},"properties":{"externalId":"msft-cali-4036573","damageLevel":"dano","rawLabel":"damaged","fieldValidated":false,"rawEventCode":null,"modelScore":0.4960505529225908}},{"type":"Feature","geometry":{"type":"Point","coordinates":[-76.48961552594443,3.459665709297024]},"properties":{"externalId":"msft-cali-4039295","damageLevel":"dano","rawLabel":"damaged","fieldValidated":false,"rawEventCode":null,"modelScore":0.4727272727272727}},{"type":"Feature","geometry":{"type":"Point","coordinates":[-76.5032352255431,3.463441995190518]},"properties":{"externalId":"msft-cali-4039763","damageLevel":"dano","rawLabel":"damaged","fieldValidated":false,"rawEventCode":null,"modelScore":0.7074235807860262}},{"type":"Feature","geometry":{"type":"Point","coordinates":[-76.50682046202098,3.475330348165073]},"properties":{"externalId":"msft-cali-4041605","damageLevel":"dano","rawLabel":"damaged","fieldValidated":false,"rawEventCode":null,"modelScore":0.46272493573264784}},{"type":"Feature","geometry":{"type":"Point","coordinates":[-76.50919054793926,3.483476457100086]},"properties":{"externalId":"msft-cali-4042312","damageLevel":"dano","rawLabel":"damaged","fieldValidated":false,"rawEventCode":null,"modelScore":0.1850828729281768}},{"type":"Feature","geometry":{"type":"Point","coordinates":[-76.50219813179883,3.484682311184418]},"properties":{"externalId":"msft-cali-4042444","damageLevel":"dano","rawLabel":"damaged","fieldValidated":false,"rawEventCode":null,"modelScore":0.2864963503649635}},{"type":"Feature","geometry":{"type":"Point","coordinates":[-76.50227751700056,3.484618996999444]},"properties":{"externalId":"msft-cali-4045118","damageLevel":"dano","rawLabel":"damaged","fieldValidated":false,"rawEventCode":null,"modelScore":0.3321678321678322}},{"type":"Feature","geometry":{"type":"Point","coordinates":[-76.50272209791561,3.525626669547687]},"properties":{"externalId":"msft-cali-4045856","damageLevel":"dano","rawLabel":"damaged","fieldValidated":false,"rawEventCode":null,"modelScore":0.3602941176470588}},{"type":"Feature","geometry":{"type":"Point","coordinates":[-76.5015989653166,3.545561539950437]},"properties":{"externalId":"msft-cali-4045950","damageLevel":"dano","rawLabel":"damaged","fieldValidated":false,"rawEventCode":null,"modelScore":0.0}},{"type":"Feature","geometry":{"type":"Point","coordinates":[-76.48574783350065,3.486645433000585]},"properties":{"externalId":"msft-cali-4046114","damageLevel":"dano","rawLabel":"damaged","fieldValidated":false,"rawEventCode":null,"modelScore":0.2621359223300971}},{"type":"Feature","geometry":{"type":"Point","coordinates":[-76.49760573462592,3.528325920562281]},"properties":{"externalId":"msft-cali-4046368","damageLevel":"dano","rawLabel":"damaged","fieldValidated":false,"rawEventCode":null,"modelScore":0.13650459129911185}},{"type":"Feature","geometry":{"type":"Point","coordinates":[-76.50885608180036,3.452675626599872]},"properties":{"externalId":"msft-cali-4049199","damageLevel":"dano","rawLabel":"damaged","fieldValidated":false,"rawEventCode":null,"modelScore":0.7862318840579711}},{"type":"Feature","geometry":{"type":"Point","coordinates":[-76.51699899325696,3.491580171033127]},"properties":{"externalId":"msft-cali-4054074","damageLevel":"dano","rawLabel":"damaged","fieldValidated":false,"rawEventCode":null,"modelScore":0.10112359550561797}},{"type":"Feature","geometry":{"type":"Point","coordinates":[-76.52094964030971,3.469872740192745]},"properties":{"externalId":"msft-cali-4055720","damageLevel":"dano","rawLabel":"damaged","fieldValidated":false,"rawEventCode":null,"modelScore":0.4150664697193501}},{"type":"Feature","geometry":{"type":"Point","coordinates":[-76.49702262659636,3.498099680278456]},"properties":{"externalId":"msft-cali-4056806","damageLevel":"dano","rawLabel":"damaged","fieldValidated":false,"rawEventCode":null,"modelScore":0.8947368421052632}},{"type":"Feature","geometry":{"type":"Point","coordinates":[-76.49697294168772,3.498028480026684]},"properties":{"externalId":"msft-cali-4056811","damageLevel":"dano","rawLabel":"damaged","fieldValidated":false,"rawEventCode":null,"modelScore":0.12454212454212454}},{"type":"Feature","geometry":{"type":"Point","coordinates":[-76.49526641811853,3.504977299242505]},"properties":{"externalId":"msft-cali-4057142","damageLevel":"dano","rawLabel":"damaged","fieldValidated":false,"rawEventCode":null,"modelScore":1.0}},{"type":"Feature","geometry":{"type":"Point","coordinates":[-76.51768496569947,3.455028052815634]},"properties":{"externalId":"msft-cali-4060208","damageLevel":"dano","rawLabel":"damaged","fieldValidated":false,"rawEventCode":null,"modelScore":0.36070381231671556}},{"type":"Feature","geometry":{"type":"Point","coordinates":[-76.51768905597916,3.455136330091504]},"properties":{"externalId":"msft-cali-4060225","damageLevel":"dano","rawLabel":"damaged","fieldValidated":false,"rawEventCode":null,"modelScore":0.23107569721115537}},{"type":"Feature","geometry":{"type":"Point","coordinates":[-76.50944501949998,3.546693271999973]},"properties":{"externalId":"msft-cali-4063704","damageLevel":"dano","rawLabel":"damaged","fieldValidated":false,"rawEventCode":null,"modelScore":1.0}},{"type":"Feature","geometry":{"type":"Point","coordinates":[-76.52970949569257,3.455195545963873]},"properties":{"externalId":"msft-cali-4064144","damageLevel":"dano","rawLabel":"damaged","fieldValidated":false,"rawEventCode":null,"modelScore":0.3185745140388769}},{"type":"Feature","geometry":{"type":"Point","coordinates":[-76.53025138596733,3.471054094456555]},"properties":{"externalId":"msft-cali-4066592","damageLevel":"dano","rawLabel":"damaged","fieldValidated":false,"rawEventCode":null,"modelScore":0.3017057569296375}},{"type":"Feature","geometry":{"type":"Point","coordinates":[-76.53062538450065,3.471381004500204]},"properties":{"externalId":"msft-cali-4067076","damageLevel":"dano","rawLabel":"damaged","fieldValidated":false,"rawEventCode":null,"modelScore":0.8641975308641975}},{"type":"Feature","geometry":{"type":"Point","coordinates":[-76.5306077399762,3.471272235725659]},"properties":{"externalId":"msft-cali-4067086","damageLevel":"dano","rawLabel":"damaged","fieldValidated":false,"rawEventCode":null,"modelScore":0.5464982778415615}},{"type":"Feature","geometry":{"type":"Point","coordinates":[-76.53333212650003,3.466721620000055]},"properties":{"externalId":"msft-cali-4067566","damageLevel":"dano","rawLabel":"damaged","fieldValidated":false,"rawEventCode":null,"modelScore":1.0}},{"type":"Feature","geometry":{"type":"Point","coordinates":[-76.52701775017522,3.492663464420572]},"properties":{"externalId":"msft-cali-4068816","damageLevel":"dano","rawLabel":"damaged","fieldValidated":false,"rawEventCode":null,"modelScore":0.8201267828843106}},{"type":"Feature","geometry":{"type":"Point","coordinates":[-76.52711987178044,3.492519185801403]},"properties":{"externalId":"msft-cali-4068840","damageLevel":"dano","rawLabel":"damaged","fieldValidated":false,"rawEventCode":null,"modelScore":0.6025917926565875}},{"type":"Feature","geometry":{"type":"Point","coordinates":[-76.5343153645007,3.491239800000736]},"properties":{"externalId":"msft-cali-4068954","damageLevel":"dano","rawLabel":"damaged","fieldValidated":false,"rawEventCode":null,"modelScore":0.7095238095238096}},{"type":"Feature","geometry":{"type":"Point","coordinates":[-76.53422382565053,3.491314270567385]},"properties":{"externalId":"msft-cali-4068956","damageLevel":"dano","rawLabel":"damaged","fieldValidated":false,"rawEventCode":null,"modelScore":0.1590909090909091}},{"type":"Feature","geometry":{"type":"Point","coordinates":[-76.53420282850004,3.491238764500113]},"properties":{"externalId":"msft-cali-4068958","damageLevel":"dano","rawLabel":"damaged","fieldValidated":false,"rawEventCode":null,"modelScore":0.966824644549763}},{"type":"Feature","geometry":{"type":"Point","coordinates":[-76.53422307219213,3.491151107896258]},"properties":{"externalId":"msft-cali-4068962","damageLevel":"dano","rawLabel":"damaged","fieldValidated":false,"rawEventCode":null,"modelScore":0.7265415549597856}},{"type":"Feature","geometry":{"type":"Point","coordinates":[-76.52785348619265,3.480896287038904]},"properties":{"externalId":"msft-cali-4069834","damageLevel":"dano","rawLabel":"damaged","fieldValidated":false,"rawEventCode":null,"modelScore":0.2119205298013245}},{"type":"Feature","geometry":{"type":"Point","coordinates":[-76.52787716479901,3.480807023106672]},"properties":{"externalId":"msft-cali-4069853","damageLevel":"dano","rawLabel":"damaged","fieldValidated":false,"rawEventCode":null,"modelScore":0.6549165120593692}},{"type":"Feature","geometry":{"type":"Point","coordinates":[-76.52694822846172,3.484156787251717]},"properties":{"externalId":"msft-cali-4070529","damageLevel":"dano","rawLabel":"damaged","fieldValidated":false,"rawEventCode":null,"modelScore":0.24096385542168675}},{"type":"Feature","geometry":{"type":"Point","coordinates":[-76.53207687500007,3.484719254000224]},"properties":{"externalId":"msft-cali-4071241","damageLevel":"dano","rawLabel":"damaged","fieldValidated":false,"rawEventCode":null,"modelScore":0.9795918367346939}},{"type":"Feature","geometry":{"type":"Point","coordinates":[-76.53052729528123,3.471319849780195]},"properties":{"externalId":"msft-cali-4072259","damageLevel":"dano","rawLabel":"damaged","fieldValidated":false,"rawEventCode":null,"modelScore":1.0}},{"type":"Feature","geometry":{"type":"Point","coordinates":[-76.5354614019821,3.456781982163758]},"properties":{"externalId":"msft-cali-4073726","damageLevel":"dano","rawLabel":"damaged","fieldValidated":false,"rawEventCode":null,"modelScore":0.5615763546798029}},{"type":"Feature","geometry":{"type":"Point","coordinates":[-76.53735619784834,3.458623647017981]},"properties":{"externalId":"msft-cali-4074651","damageLevel":"dano","rawLabel":"damaged","fieldValidated":false,"rawEventCode":null,"modelScore":0.3411764705882353}},{"type":"Feature","geometry":{"type":"Point","coordinates":[-76.53538508450039,3.493213743500279]},"properties":{"externalId":"msft-cali-4076074","damageLevel":"dano","rawLabel":"damaged","fieldValidated":false,"rawEventCode":null,"modelScore":0.20098039215686275}},{"type":"Feature","geometry":{"type":"Point","coordinates":[-76.53533349747714,3.493253731330926]},"properties":{"externalId":"msft-cali-4076078","damageLevel":"dano","rawLabel":"damaged","fieldValidated":false,"rawEventCode":null,"modelScore":0.7485380116959064}},{"type":"Feature","geometry":{"type":"Point","coordinates":[-76.53533710099849,3.49328986140697]},"properties":{"externalId":"msft-cali-4076080","damageLevel":"dano","rawLabel":"damaged","fieldValidated":false,"rawEventCode":null,"modelScore":0.3100511073253833}},{"type":"Feature","geometry":{"type":"Point","coordinates":[-76.53471859355297,3.492382806890285]},"properties":{"externalId":"msft-cali-4076140","damageLevel":"dano","rawLabel":"damaged","fieldValidated":false,"rawEventCode":null,"modelScore":0.2366412213740458}},{"type":"Feature","geometry":{"type":"Point","coordinates":[-76.53466755742299,3.492418049842027]},"properties":{"externalId":"msft-cali-4076143","damageLevel":"dano","rawLabel":"damaged","fieldValidated":false,"rawEventCode":null,"modelScore":0.19548872180451127}},{"type":"Feature","geometry":{"type":"Point","coordinates":[-76.53465057480258,3.486144711598573]},"properties":{"externalId":"msft-cali-4077266","damageLevel":"dano","rawLabel":"damaged","fieldValidated":false,"rawEventCode":null,"modelScore":0.8722222222222222}},{"type":"Feature","geometry":{"type":"Point","coordinates":[-76.53467286069723,3.486211595404327]},"properties":{"externalId":"msft-cali-4077270","damageLevel":"dano","rawLabel":"damaged","fieldValidated":false,"rawEventCode":null,"modelScore":0.625}},{"type":"Feature","geometry":{"type":"Point","coordinates":[-76.5353504326293,3.487695762355012]},"properties":{"externalId":"msft-cali-4077303","damageLevel":"dano","rawLabel":"damaged","fieldValidated":false,"rawEventCode":null,"modelScore":0.3184713375796178}},{"type":"Feature","geometry":{"type":"Point","coordinates":[-76.47801221600004,3.5454232570001]},"properties":{"externalId":"msft-cali-4080304","damageLevel":"dano","rawLabel":"damaged","fieldValidated":false,"rawEventCode":null,"modelScore":0.1836734693877551}},{"type":"Feature","geometry":{"type":"Point","coordinates":[-76.49484148133679,3.489740899364019]},"properties":{"externalId":"msft-cali-4089067","damageLevel":"dano","rawLabel":"damaged","fieldValidated":false,"rawEventCode":null,"modelScore":0.462882096069869}},{"type":"Feature","geometry":{"type":"Point","coordinates":[-76.47261436299924,3.501402050499772]},"properties":{"externalId":"msft-cali-4090946","damageLevel":"dano","rawLabel":"damaged","fieldValidated":false,"rawEventCode":null,"modelScore":0.3605769230769231}},{"type":"Feature","geometry":{"type":"Point","coordinates":[-76.47261566187161,3.501500732763156]},"properties":{"externalId":"msft-cali-4090957","damageLevel":"dano","rawLabel":"damaged","fieldValidated":false,"rawEventCode":null,"modelScore":0.3815789473684211}},{"type":"Feature","geometry":{"type":"Point","coordinates":[-76.48236306278694,3.496520907103112]},"properties":{"externalId":"msft-cali-4091301","damageLevel":"dano","rawLabel":"damaged","fieldValidated":false,"rawEventCode":null,"modelScore":0.8589743589743589}},{"type":"Feature","geometry":{"type":"Point","coordinates":[-76.48237531468662,3.495961542729773]},"properties":{"externalId":"msft-cali-4091306","damageLevel":"dano","rawLabel":"damaged","fieldValidated":false,"rawEventCode":null,"modelScore":0.4088050314465409}},{"type":"Feature","geometry":{"type":"Point","coordinates":[-76.48426830699945,3.495196127000627]},"properties":{"externalId":"msft-cali-4091378","damageLevel":"dano","rawLabel":"damaged","fieldValidated":false,"rawEventCode":null,"modelScore":0.9003690036900369}},{"type":"Feature","geometry":{"type":"Point","coordinates":[-76.45897495350452,3.488464328996723]},"properties":{"externalId":"msft-cali-4094864","damageLevel":"dano","rawLabel":"damaged","fieldValidated":false,"rawEventCode":null,"modelScore":0.1671270718232044}},{"type":"Feature","geometry":{"type":"Point","coordinates":[-76.46162009181057,3.483161084255908]},"properties":{"externalId":"msft-cali-4094926","damageLevel":"dano","rawLabel":"damaged","fieldValidated":false,"rawEventCode":null,"modelScore":0.17300380228136883}},{"type":"Feature","geometry":{"type":"Point","coordinates":[-76.46168637649775,3.483193366499468]},"properties":{"externalId":"msft-cali-4094932","damageLevel":"dano","rawLabel":"damaged","fieldValidated":false,"rawEventCode":null,"modelScore":0.1641025641025641}},{"type":"Feature","geometry":{"type":"Point","coordinates":[-76.48182059377416,3.472176636996966]},"properties":{"externalId":"msft-cali-4097783","damageLevel":"dano","rawLabel":"damaged","fieldValidated":false,"rawEventCode":null,"modelScore":0.4978540772532189}},{"type":"Feature","geometry":{"type":"Point","coordinates":[-76.48207701500007,3.4868758190001]},"properties":{"externalId":"msft-cali-4100239","damageLevel":"dano","rawLabel":"damaged","fieldValidated":false,"rawEventCode":null,"modelScore":0.5932203389830508}},{"type":"Feature","geometry":{"type":"Point","coordinates":[-76.47691257701658,3.454614125187712]},"properties":{"externalId":"msft-cali-4103373","damageLevel":"dano","rawLabel":"damaged","fieldValidated":false,"rawEventCode":null,"modelScore":0.5423728813559322}},{"type":"Feature","geometry":{"type":"Point","coordinates":[-76.47687908997904,3.454635712309877]},"properties":{"externalId":"msft-cali-4103374","damageLevel":"dano","rawLabel":"damaged","fieldValidated":false,"rawEventCode":null,"modelScore":0.4530386740331492}},{"type":"Feature","geometry":{"type":"Point","coordinates":[-76.46546026688803,3.45598980525701]},"properties":{"externalId":"msft-cali-4103602","damageLevel":"dano","rawLabel":"damaged","fieldValidated":false,"rawEventCode":null,"modelScore":0.12712712712712712}},{"type":"Feature","geometry":{"type":"Point","coordinates":[-76.46539358950118,3.456052873000851]},"properties":{"externalId":"msft-cali-4103640","damageLevel":"dano","rawLabel":"damaged","fieldValidated":false,"rawEventCode":null,"modelScore":1.0}},{"type":"Feature","geometry":{"type":"Point","coordinates":[-76.47864204241333,3.45536005823763]},"properties":{"externalId":"msft-cali-4104359","damageLevel":"dano","rawLabel":"damaged","fieldValidated":false,"rawEventCode":null,"modelScore":0.22193877551020408}},{"type":"Feature","geometry":{"type":"Point","coordinates":[-76.48057260919667,3.477802458962279]},"properties":{"externalId":"msft-cali-4112476","damageLevel":"dano","rawLabel":"damaged","fieldValidated":false,"rawEventCode":null,"modelScore":0.4646017699115044}},{"type":"Feature","geometry":{"type":"Point","coordinates":[-76.48776886313509,3.497200063306452]},"properties":{"externalId":"msft-cali-4112789","damageLevel":"dano","rawLabel":"damaged","fieldValidated":false,"rawEventCode":null,"modelScore":0.24067796610169492}},{"type":"Feature","geometry":{"type":"Point","coordinates":[-76.48815265999943,3.493058561499685]},"properties":{"externalId":"msft-cali-4113161","damageLevel":"dano","rawLabel":"damaged","fieldValidated":false,"rawEventCode":null,"modelScore":0.6796875}},{"type":"Feature","geometry":{"type":"Point","coordinates":[-76.48957468949922,3.493829804999578]},"properties":{"externalId":"msft-cali-4113445","damageLevel":"dano","rawLabel":"damaged","fieldValidated":false,"rawEventCode":null,"modelScore":0.4954128440366973}},{"type":"Feature","geometry":{"type":"Point","coordinates":[-76.49247709600051,3.503108718000564]},"properties":{"externalId":"msft-cali-4113672","damageLevel":"dano","rawLabel":"damaged","fieldValidated":false,"rawEventCode":null,"modelScore":0.5264900662251656}},{"type":"Feature","geometry":{"type":"Point","coordinates":[-76.49633046199989,3.505494151501289]},"properties":{"externalId":"msft-cali-4113960","damageLevel":"dano","rawLabel":"damaged","fieldValidated":false,"rawEventCode":null,"modelScore":0.6767676767676768}},{"type":"Feature","geometry":{"type":"Point","coordinates":[-76.49642333070672,3.505523973115844]},"properties":{"externalId":"msft-cali-4113961","damageLevel":"dano","rawLabel":"damaged","fieldValidated":false,"rawEventCode":null,"modelScore":1.0}},{"type":"Feature","geometry":{"type":"Point","coordinates":[-76.49656498208468,3.50505892328101]},"properties":{"externalId":"msft-cali-4113973","damageLevel":"dano","rawLabel":"damaged","fieldValidated":false,"rawEventCode":null,"modelScore":0.44}},{"type":"Feature","geometry":{"type":"Point","coordinates":[-76.49381694723913,3.504982651414554]},"properties":{"externalId":"msft-cali-4113978","damageLevel":"dano","rawLabel":"damaged","fieldValidated":false,"rawEventCode":null,"modelScore":1.0}},{"type":"Feature","geometry":{"type":"Point","coordinates":[-76.49661141399996,3.505097109499927]},"properties":{"externalId":"msft-cali-4113988","damageLevel":"dano","rawLabel":"damaged","fieldValidated":false,"rawEventCode":null,"modelScore":1.0}},{"type":"Feature","geometry":{"type":"Point","coordinates":[-76.49631519099982,3.505529644001363]},"properties":{"externalId":"msft-cali-4113994","damageLevel":"dano","rawLabel":"damaged","fieldValidated":false,"rawEventCode":null,"modelScore":1.0}},{"type":"Feature","geometry":{"type":"Point","coordinates":[-76.4969505991012,3.498084601309386]},"properties":{"externalId":"msft-cali-4114007","damageLevel":"dano","rawLabel":"damaged","fieldValidated":false,"rawEventCode":null,"modelScore":0.1152542372881356}},{"type":"Feature","geometry":{"type":"Point","coordinates":[-76.49564534353912,3.541745352965306]},"properties":{"externalId":"msft-cali-4118398","damageLevel":"dano","rawLabel":"damaged","fieldValidated":false,"rawEventCode":null,"modelScore":0.15368562773476943}},{"type":"Feature","geometry":{"type":"Point","coordinates":[-76.49752052487666,3.511959623776723]},"properties":{"externalId":"msft-cali-4118546","damageLevel":"dano","rawLabel":"damaged","fieldValidated":false,"rawEventCode":null,"modelScore":0.18333333333333332}},{"type":"Feature","geometry":{"type":"Point","coordinates":[-76.49720504364045,3.528811939685689]},"properties":{"externalId":"msft-cali-4118670","damageLevel":"dano","rawLabel":"damaged","fieldValidated":false,"rawEventCode":null,"modelScore":0.2678729037952339}},{"type":"Feature","geometry":{"type":"Point","coordinates":[-76.50002530064066,3.545624318655459]},"properties":{"externalId":"msft-cali-4118796","damageLevel":"dano","rawLabel":"damaged","fieldValidated":false,"rawEventCode":null,"modelScore":0.4976228209191759}},{"type":"Feature","geometry":{"type":"Point","coordinates":[-76.49089644706675,3.477365106785028]},"properties":{"externalId":"msft-cali-4120709","damageLevel":"dano","rawLabel":"damaged","fieldValidated":false,"rawEventCode":null,"modelScore":0.2971887550200803}},{"type":"Feature","geometry":{"type":"Point","coordinates":[-76.49502921300052,3.465473964500656]},"properties":{"externalId":"msft-cali-4121800","damageLevel":"dano","rawLabel":"damaged","fieldValidated":false,"rawEventCode":null,"modelScore":0.18181818181818182}},{"type":"Feature","geometry":{"type":"Point","coordinates":[-76.49795961749875,3.478792559001068]},"properties":{"externalId":"msft-cali-4123362","damageLevel":"dano","rawLabel":"damaged","fieldValidated":false,"rawEventCode":null,"modelScore":0.527972027972028}},{"type":"Feature","geometry":{"type":"Point","coordinates":[-76.49802813617929,3.478790388430173]},"properties":{"externalId":"msft-cali-4123377","damageLevel":"dano","rawLabel":"damaged","fieldValidated":false,"rawEventCode":null,"modelScore":0.1891348088531187}},{"type":"Feature","geometry":{"type":"Point","coordinates":[-76.56596687900213,3.450607699002314]},"properties":{"externalId":"msft-cali-4155187","damageLevel":"dano","rawLabel":"damaged","fieldValidated":false,"rawEventCode":null,"modelScore":0.36075949367088606}},{"type":"Feature","geometry":{"type":"Point","coordinates":[-76.56594816918371,3.450667392091553]},"properties":{"externalId":"msft-cali-4155206","damageLevel":"dano","rawLabel":"damaged","fieldValidated":false,"rawEventCode":null,"modelScore":0.4467713787085515}},{"type":"Feature","geometry":{"type":"Point","coordinates":[-76.56587206600007,3.450617225500068]},"properties":{"externalId":"msft-cali-4155207","damageLevel":"dano","rawLabel":"damaged","fieldValidated":false,"rawEventCode":null,"modelScore":0.19230769230769232}},{"type":"Feature","geometry":{"type":"Point","coordinates":[-76.54385955000241,3.448826100002675]},"properties":{"externalId":"msft-cali-4155460","damageLevel":"dano","rawLabel":"damaged","fieldValidated":false,"rawEventCode":null,"modelScore":0.19896373056994818}},{"type":"Feature","geometry":{"type":"Point","coordinates":[-76.55590767181135,3.424557392406973]},"properties":{"externalId":"msft-cali-4157064","damageLevel":"dano","rawLabel":"damaged","fieldValidated":false,"rawEventCode":null,"modelScore":0.5592485549132948}},{"type":"Feature","geometry":{"type":"Point","coordinates":[-76.55201721523044,3.426705021548428]},"properties":{"externalId":"msft-cali-4157337","damageLevel":"dano","rawLabel":"damaged","fieldValidated":false,"rawEventCode":null,"modelScore":0.5319148936170213}},{"type":"Feature","geometry":{"type":"Point","coordinates":[-76.55571143171866,3.422820768066861]},"properties":{"externalId":"msft-cali-4157577","damageLevel":"dano","rawLabel":"damaged","fieldValidated":false,"rawEventCode":null,"modelScore":0.10357142857142858}},{"type":"Feature","geometry":{"type":"Point","coordinates":[-76.55498602650029,3.422799403500094]},"properties":{"externalId":"msft-cali-4157608","damageLevel":"dano","rawLabel":"damaged","fieldValidated":false,"rawEventCode":null,"modelScore":0.41776937618147447}},{"type":"Feature","geometry":{"type":"Point","coordinates":[-76.55605505244226,3.423608644163827]},"properties":{"externalId":"msft-cali-4157750","damageLevel":"dano","rawLabel":"damaged","fieldValidated":false,"rawEventCode":null,"modelScore":0.18565400843881857}},{"type":"Feature","geometry":{"type":"Point","coordinates":[-76.55595051267345,3.423648450204055]},"properties":{"externalId":"msft-cali-4157752","damageLevel":"dano","rawLabel":"damaged","fieldValidated":false,"rawEventCode":null,"modelScore":0.16546762589928057}},{"type":"Feature","geometry":{"type":"Point","coordinates":[-76.55612626724131,3.423022787626481]},"properties":{"externalId":"msft-cali-4157801","damageLevel":"dano","rawLabel":"damaged","fieldValidated":false,"rawEventCode":null,"modelScore":1.0}},{"type":"Feature","geometry":{"type":"Point","coordinates":[-76.55590641692187,3.423080130764465]},"properties":{"externalId":"msft-cali-4157804","damageLevel":"dano","rawLabel":"damaged","fieldValidated":false,"rawEventCode":null,"modelScore":0.16}},{"type":"Feature","geometry":{"type":"Point","coordinates":[-76.55612336179254,3.42309989061233]},"properties":{"externalId":"msft-cali-4157806","damageLevel":"dano","rawLabel":"damaged","fieldValidated":false,"rawEventCode":null,"modelScore":0.3356643356643357}},{"type":"Feature","geometry":{"type":"Point","coordinates":[-76.5558178639994,3.423186392499955]},"properties":{"externalId":"msft-cali-4157814","damageLevel":"dano","rawLabel":"damaged","fieldValidated":false,"rawEventCode":null,"modelScore":0.8235294117647058}},{"type":"Feature","geometry":{"type":"Point","coordinates":[-76.55619719907357,3.423050608222518]},"properties":{"externalId":"msft-cali-4157821","damageLevel":"dano","rawLabel":"damaged","fieldValidated":false,"rawEventCode":null,"modelScore":0.3125}},{"type":"Feature","geometry":{"type":"Point","coordinates":[-76.55605762390338,3.423013200986149]},"properties":{"externalId":"msft-cali-4157824","damageLevel":"dano","rawLabel":"damaged","fieldValidated":false,"rawEventCode":null,"modelScore":0.33432835820895523}},{"type":"Feature","geometry":{"type":"Point","coordinates":[-76.55583970141116,3.423077233290644]},"properties":{"externalId":"msft-cali-4157825","damageLevel":"dano","rawLabel":"damaged","fieldValidated":false,"rawEventCode":null,"modelScore":0.2773109243697479}},{"type":"Feature","geometry":{"type":"Point","coordinates":[-76.55648953615196,3.422213849712944]},"properties":{"externalId":"msft-cali-4157903","damageLevel":"dano","rawLabel":"damaged","fieldValidated":false,"rawEventCode":null,"modelScore":0.3353658536585366}},{"type":"Feature","geometry":{"type":"Point","coordinates":[-76.55666562250036,3.425890582000306]},"properties":{"externalId":"msft-cali-4157973","damageLevel":"dano","rawLabel":"damaged","fieldValidated":false,"rawEventCode":null,"modelScore":0.2616279069767442}},{"type":"Feature","geometry":{"type":"Point","coordinates":[-76.55675956867951,3.425937795892926]},"properties":{"externalId":"msft-cali-4157976","damageLevel":"dano","rawLabel":"damaged","fieldValidated":false,"rawEventCode":null,"modelScore":0.12582781456953643}},{"type":"Feature","geometry":{"type":"Point","coordinates":[-76.55668438919606,3.425964619446121]},"properties":{"externalId":"msft-cali-4157978","damageLevel":"dano","rawLabel":"damaged","fieldValidated":false,"rawEventCode":null,"modelScore":0.9572649572649573}},{"type":"Feature","geometry":{"type":"Point","coordinates":[-76.55750865000093,3.418785450000095]},"properties":{"externalId":"msft-cali-4159234","damageLevel":"dano","rawLabel":"damaged","fieldValidated":false,"rawEventCode":null,"modelScore":0.46543778801843316}},{"type":"Feature","geometry":{"type":"Point","coordinates":[-76.55346126000028,3.416033584000444]},"properties":{"externalId":"msft-cali-4159450","damageLevel":"dano","rawLabel":"damaged","fieldValidated":false,"rawEventCode":null,"modelScore":0.14285714285714285}},{"type":"Feature","geometry":{"type":"Point","coordinates":[-76.55205731769951,3.427845669800629]},"properties":{"externalId":"msft-cali-4161886","damageLevel":"dano","rawLabel":"damaged","fieldValidated":false,"rawEventCode":null,"modelScore":0.40625}},{"type":"Feature","geometry":{"type":"Point","coordinates":[-76.55212538322537,3.427961983592215]},"properties":{"externalId":"msft-cali-4161893","damageLevel":"dano","rawLabel":"damaged","fieldValidated":false,"rawEventCode":null,"modelScore":0.9451219512195121}},{"type":"Feature","geometry":{"type":"Point","coordinates":[-76.55218265249044,3.428022875589876]},"properties":{"externalId":"msft-cali-4161895","damageLevel":"dano","rawLabel":"damaged","fieldValidated":false,"rawEventCode":null,"modelScore":0.11151079136690648}},{"type":"Feature","geometry":{"type":"Point","coordinates":[-76.55209529799983,3.428018044499758]},"properties":{"externalId":"msft-cali-4161896","damageLevel":"dano","rawLabel":"damaged","fieldValidated":false,"rawEventCode":null,"modelScore":0.575}},{"type":"Feature","geometry":{"type":"Point","coordinates":[-76.55528008333478,3.425986306999349]},"properties":{"externalId":"msft-cali-4162363","damageLevel":"dano","rawLabel":"damaged","fieldValidated":false,"rawEventCode":null,"modelScore":0.25477707006369427}},{"type":"Feature","geometry":{"type":"Point","coordinates":[-76.55579676192404,3.425591798283635]},"properties":{"externalId":"msft-cali-4162668","damageLevel":"dano","rawLabel":"damaged","fieldValidated":false,"rawEventCode":null,"modelScore":0.2215909090909091}},{"type":"Feature","geometry":{"type":"Point","coordinates":[-76.54628527561411,3.439008239497765]},"properties":{"externalId":"msft-cali-4165494","damageLevel":"dano","rawLabel":"damaged","fieldValidated":false,"rawEventCode":null,"modelScore":0.370938298649142}},{"type":"Feature","geometry":{"type":"Point","coordinates":[-76.55642216568943,3.447476182222367]},"properties":{"externalId":"msft-cali-4166299","damageLevel":"dano","rawLabel":"damaged","fieldValidated":false,"rawEventCode":null,"modelScore":0.15631131458469588}},{"type":"Feature","geometry":{"type":"Point","coordinates":[-76.56186287861561,3.421856374318648]},"properties":{"externalId":"msft-cali-4167849","damageLevel":"dano","rawLabel":"damaged","fieldValidated":false,"rawEventCode":null,"modelScore":0.4583333333333333}},{"type":"Feature","geometry":{"type":"Point","coordinates":[-76.56181674349972,3.421781911004021]},"properties":{"externalId":"msft-cali-4167859","damageLevel":"dano","rawLabel":"damaged","fieldValidated":false,"rawEventCode":null,"modelScore":0.23577235772357724}},{"type":"Feature","geometry":{"type":"Point","coordinates":[-76.56177238588582,3.421817454065537]},"properties":{"externalId":"msft-cali-4167860","damageLevel":"dano","rawLabel":"damaged","fieldValidated":false,"rawEventCode":null,"modelScore":0.6920289855072463}},{"type":"Feature","geometry":{"type":"Point","coordinates":[-76.56284220867067,3.419454660516955]},"properties":{"externalId":"msft-cali-4168585","damageLevel":"dano","rawLabel":"damaged","fieldValidated":false,"rawEventCode":null,"modelScore":0.16140350877192983}},{"type":"Feature","geometry":{"type":"Point","coordinates":[-76.55728380204991,3.419666122821555]},"properties":{"externalId":"msft-cali-4168692","damageLevel":"dano","rawLabel":"damaged","fieldValidated":false,"rawEventCode":null,"modelScore":0.4642857142857143}},{"type":"Feature","geometry":{"type":"Point","coordinates":[-76.55669318488927,3.421921541756025]},"properties":{"externalId":"msft-cali-4168991","damageLevel":"dano","rawLabel":"damaged","fieldValidated":false,"rawEventCode":null,"modelScore":0.10476190476190476}},{"type":"Feature","geometry":{"type":"Point","coordinates":[-76.55698719216493,3.419218357678242]},"properties":{"externalId":"msft-cali-4169116","damageLevel":"dano","rawLabel":"damaged","fieldValidated":false,"rawEventCode":null,"modelScore":0.27639751552795033}},{"type":"Feature","geometry":{"type":"Point","coordinates":[-76.55447641501131,3.421737101668536]},"properties":{"externalId":"msft-cali-4169423","damageLevel":"dano","rawLabel":"damaged","fieldValidated":false,"rawEventCode":null,"modelScore":0.18686868686868688}},{"type":"Feature","geometry":{"type":"Point","coordinates":[-76.5561645984998,3.420839066500737]},"properties":{"externalId":"msft-cali-4169795","damageLevel":"dano","rawLabel":"damaged","fieldValidated":false,"rawEventCode":null,"modelScore":0.31547619047619047}},{"type":"Feature","geometry":{"type":"Point","coordinates":[-76.55615424069967,3.420770238119235]},"properties":{"externalId":"msft-cali-4169801","damageLevel":"dano","rawLabel":"damaged","fieldValidated":false,"rawEventCode":null,"modelScore":0.6666666666666666}},{"type":"Feature","geometry":{"type":"Point","coordinates":[-76.55624438192264,3.421773935206738]},"properties":{"externalId":"msft-cali-4169816","damageLevel":"dano","rawLabel":"damaged","fieldValidated":false,"rawEventCode":null,"modelScore":0.11976047904191617}},{"type":"Feature","geometry":{"type":"Point","coordinates":[-76.55622325887514,3.42181718873411]},"properties":{"externalId":"msft-cali-4169830","damageLevel":"dano","rawLabel":"damaged","fieldValidated":false,"rawEventCode":null,"modelScore":0.10344827586206896}},{"type":"Feature","geometry":{"type":"Point","coordinates":[-76.5566184331276,3.421430691243561]},"properties":{"externalId":"msft-cali-4169915","damageLevel":"dano","rawLabel":"damaged","fieldValidated":false,"rawEventCode":null,"modelScore":0.8206896551724138}},{"type":"Feature","geometry":{"type":"Point","coordinates":[-76.55656599000005,3.421518345500308]},"properties":{"externalId":"msft-cali-4169938","damageLevel":"dano","rawLabel":"damaged","fieldValidated":false,"rawEventCode":null,"modelScore":0.9897959183673469}},{"type":"Feature","geometry":{"type":"Point","coordinates":[-76.55662383450003,3.421499299500143]},"properties":{"externalId":"msft-cali-4169941","damageLevel":"dano","rawLabel":"damaged","fieldValidated":false,"rawEventCode":null,"modelScore":1.0}},{"type":"Feature","geometry":{"type":"Point","coordinates":[-76.55755043984007,3.419983643414418]},"properties":{"externalId":"msft-cali-4170053","damageLevel":"dano","rawLabel":"damaged","fieldValidated":false,"rawEventCode":null,"modelScore":0.10837438423645321}},{"type":"Feature","geometry":{"type":"Point","coordinates":[-76.55749424712864,3.419867161611394]},"properties":{"externalId":"msft-cali-4170057","damageLevel":"dano","rawLabel":"damaged","fieldValidated":false,"rawEventCode":null,"modelScore":0.714867617107943}},{"type":"Feature","geometry":{"type":"Point","coordinates":[-76.54267922108187,3.42561536932175]},"properties":{"externalId":"msft-cali-4171712","damageLevel":"dano","rawLabel":"damaged","fieldValidated":false,"rawEventCode":null,"modelScore":0.16137566137566137}},{"type":"Feature","geometry":{"type":"Point","coordinates":[-76.54789444445215,3.423119832087658]},"properties":{"externalId":"msft-cali-4171993","damageLevel":"dano","rawLabel":"damaged","fieldValidated":false,"rawEventCode":null,"modelScore":0.4581589958158996}},{"type":"Feature","geometry":{"type":"Point","coordinates":[-76.547909634458,3.423209735030285]},"properties":{"externalId":"msft-cali-4172022","damageLevel":"dano","rawLabel":"damaged","fieldValidated":false,"rawEventCode":null,"modelScore":0.15964523281596452}},{"type":"Feature","geometry":{"type":"Point","coordinates":[-76.54817448765614,3.422944719223021]},"properties":{"externalId":"msft-cali-4172046","damageLevel":"dano","rawLabel":"damaged","fieldValidated":false,"rawEventCode":null,"modelScore":0.422279792746114}},{"type":"Feature","geometry":{"type":"Point","coordinates":[-76.54812046339215,3.423091744937508]},"properties":{"externalId":"msft-cali-4172048","damageLevel":"dano","rawLabel":"damaged","fieldValidated":false,"rawEventCode":null,"modelScore":0.365768896611642}},{"type":"Feature","geometry":{"type":"Point","coordinates":[-76.54804079542917,3.423184377323706]},"properties":{"externalId":"msft-cali-4172050","damageLevel":"dano","rawLabel":"damaged","fieldValidated":false,"rawEventCode":null,"modelScore":0.6104129263913824}},{"type":"Feature","geometry":{"type":"Point","coordinates":[-76.54803944103874,3.423377014174085]},"properties":{"externalId":"msft-cali-4172059","damageLevel":"dano","rawLabel":"damaged","fieldValidated":false,"rawEventCode":null,"modelScore":0.9620938628158845}},{"type":"Feature","geometry":{"type":"Point","coordinates":[-76.54824508986025,3.42328656923304]},"properties":{"externalId":"msft-cali-4172060","damageLevel":"dano","rawLabel":"damaged","fieldValidated":false,"rawEventCode":null,"modelScore":0.7333333333333333}},{"type":"Feature","geometry":{"type":"Point","coordinates":[-76.54823337135389,3.423315788127953]},"properties":{"externalId":"msft-cali-4172061","damageLevel":"dano","rawLabel":"damaged","fieldValidated":false,"rawEventCode":null,"modelScore":1.0}},{"type":"Feature","geometry":{"type":"Point","coordinates":[-76.54831940749173,3.423413118002968]},"properties":{"externalId":"msft-cali-4172062","damageLevel":"dano","rawLabel":"damaged","fieldValidated":false,"rawEventCode":null,"modelScore":0.408675799086758}},{"type":"Feature","geometry":{"type":"Point","coordinates":[-76.54797454799957,3.423366003500119]},"properties":{"externalId":"msft-cali-4172063","damageLevel":"dano","rawLabel":"damaged","fieldValidated":false,"rawEventCode":null,"modelScore":0.7976190476190477}},{"type":"Feature","geometry":{"type":"Point","coordinates":[-76.54823719886149,3.423426717821483]},"properties":{"externalId":"msft-cali-4172064","damageLevel":"dano","rawLabel":"damaged","fieldValidated":false,"rawEventCode":null,"modelScore":1.0}},{"type":"Feature","geometry":{"type":"Point","coordinates":[-76.54285608633516,3.422332370479646]},"properties":{"externalId":"msft-cali-4172666","damageLevel":"dano","rawLabel":"damaged","fieldValidated":false,"rawEventCode":null,"modelScore":0.5118733509234829}},{"type":"Feature","geometry":{"type":"Point","coordinates":[-76.54282316900002,3.422378294500038]},"properties":{"externalId":"msft-cali-4172667","damageLevel":"dano","rawLabel":"damaged","fieldValidated":false,"rawEventCode":null,"modelScore":1.0}},{"type":"Feature","geometry":{"type":"Point","coordinates":[-76.54274142218098,3.420959295756497]},"properties":{"externalId":"msft-cali-4172692","damageLevel":"dano","rawLabel":"damaged","fieldValidated":false,"rawEventCode":null,"modelScore":0.8151986183074266}},{"type":"Feature","geometry":{"type":"Point","coordinates":[-76.55067924631737,3.442252569179158]},"properties":{"externalId":"msft-cali-4172815","damageLevel":"dano","rawLabel":"damaged","fieldValidated":false,"rawEventCode":null,"modelScore":0.2651331719128329}},{"type":"Feature","geometry":{"type":"Point","coordinates":[-76.54960843800096,3.441688708002347]},"properties":{"externalId":"msft-cali-4173586","damageLevel":"dano","rawLabel":"damaged","fieldValidated":false,"rawEventCode":null,"modelScore":0.6162280701754386}},{"type":"Feature","geometry":{"type":"Point","coordinates":[-76.5495999476715,3.44176764792651]},"properties":{"externalId":"msft-cali-4173588","damageLevel":"dano","rawLabel":"damaged","fieldValidated":false,"rawEventCode":null,"modelScore":0.10043668122270742}},{"type":"Feature","geometry":{"type":"Point","coordinates":[-76.54959775270817,3.441607584557277]},"properties":{"externalId":"msft-cali-4173589","damageLevel":"dano","rawLabel":"damaged","fieldValidated":false,"rawEventCode":null,"modelScore":0.41830065359477125}},{"type":"Feature","geometry":{"type":"Point","coordinates":[-76.54951649094245,3.441671806220019]},"properties":{"externalId":"msft-cali-4173593","damageLevel":"dano","rawLabel":"damaged","fieldValidated":false,"rawEventCode":null,"modelScore":0.4782608695652174}},{"type":"Feature","geometry":{"type":"Point","coordinates":[-76.54951966900015,3.441608039000064]},"properties":{"externalId":"msft-cali-4173594","damageLevel":"dano","rawLabel":"damaged","fieldValidated":false,"rawEventCode":null,"modelScore":0.23333333333333334}},{"type":"Feature","geometry":{"type":"Point","coordinates":[-76.55094326924015,3.440693951879656]},"properties":{"externalId":"msft-cali-4173720","damageLevel":"dano","rawLabel":"damaged","fieldValidated":false,"rawEventCode":null,"modelScore":0.5236051502145923}},{"type":"Feature","geometry":{"type":"Point","coordinates":[-76.55086400220401,3.44067231388328]},"properties":{"externalId":"msft-cali-4173763","damageLevel":"dano","rawLabel":"damaged","fieldValidated":false,"rawEventCode":null,"modelScore":0.8385542168674699}},{"type":"Feature","geometry":{"type":"Point","coordinates":[-76.5504670999995,3.442060750000568]},"properties":{"externalId":"msft-cali-4173830","damageLevel":"dano","rawLabel":"damaged","fieldValidated":false,"rawEventCode":null,"modelScore":0.33712984054669703}},{"type":"Feature","geometry":{"type":"Point","coordinates":[-76.55063754881726,3.442148828372995]},"properties":{"externalId":"msft-cali-4173833","damageLevel":"dano","rawLabel":"damaged","fieldValidated":false,"rawEventCode":null,"modelScore":0.25357142857142856}},{"type":"Feature","geometry":{"type":"Point","coordinates":[-76.55046975523508,3.442151764435447]},"properties":{"externalId":"msft-cali-4173834","damageLevel":"dano","rawLabel":"damaged","fieldValidated":false,"rawEventCode":null,"modelScore":0.5637254901960784}},{"type":"Feature","geometry":{"type":"Point","coordinates":[-76.55003563005148,3.44716829469386]},"properties":{"externalId":"msft-cali-4174106","damageLevel":"dano","rawLabel":"damaged","fieldValidated":false,"rawEventCode":null,"modelScore":0.5289256198347108}},{"type":"Feature","geometry":{"type":"Point","coordinates":[-76.54997469149612,3.447133768500404]},"properties":{"externalId":"msft-cali-4174111","damageLevel":"dano","rawLabel":"damaged","fieldValidated":false,"rawEventCode":null,"modelScore":0.15601023017902813}},{"type":"Feature","geometry":{"type":"Point","coordinates":[-76.54538032699676,3.430710901512202]},"properties":{"externalId":"msft-cali-4176572","damageLevel":"dano","rawLabel":"damaged","fieldValidated":false,"rawEventCode":null,"modelScore":0.3356643356643357}},{"type":"Feature","geometry":{"type":"Point","coordinates":[-76.54787036350146,3.420118011999281]},"properties":{"externalId":"msft-cali-4176931","damageLevel":"dano","rawLabel":"damaged","fieldValidated":false,"rawEventCode":null,"modelScore":0.1037463976945245}},{"type":"Feature","geometry":{"type":"Point","coordinates":[-76.54794418252253,3.420212286813373]},"properties":{"externalId":"msft-cali-4176943","damageLevel":"dano","rawLabel":"damaged","fieldValidated":false,"rawEventCode":null,"modelScore":0.5459662288930581}},{"type":"Feature","geometry":{"type":"Point","coordinates":[-76.55586853960365,3.424632127816401]},"properties":{"externalId":"msft-cali-4178202","damageLevel":"dano","rawLabel":"damaged","fieldValidated":false,"rawEventCode":null,"modelScore":0.43577981651376146}},{"type":"Feature","geometry":{"type":"Point","coordinates":[-76.55575217050009,3.42340882050027]},"properties":{"externalId":"msft-cali-4178358","damageLevel":"dano","rawLabel":"damaged","fieldValidated":false,"rawEventCode":null,"modelScore":0.9728682170542635}},{"type":"Feature","geometry":{"type":"Point","coordinates":[-76.55585233266731,3.42343122806204]},"properties":{"externalId":"msft-cali-4178374","damageLevel":"dano","rawLabel":"damaged","fieldValidated":false,"rawEventCode":null,"modelScore":0.15514592933947774}},{"type":"Feature","geometry":{"type":"Point","coordinates":[-76.55586892221372,3.423171851263196]},"properties":{"externalId":"msft-cali-4178391","damageLevel":"dano","rawLabel":"damaged","fieldValidated":false,"rawEventCode":null,"modelScore":0.5828877005347594}},{"type":"Feature","geometry":{"type":"Point","coordinates":[-76.55584754768685,3.42310824348698]},"properties":{"externalId":"msft-cali-4178556","damageLevel":"dano","rawLabel":"damaged","fieldValidated":false,"rawEventCode":null,"modelScore":0.8979591836734694}},{"type":"Feature","geometry":{"type":"Point","coordinates":[-76.55569824087495,3.422888658718452]},"properties":{"externalId":"msft-cali-4178564","damageLevel":"dano","rawLabel":"damaged","fieldValidated":false,"rawEventCode":null,"modelScore":0.45018450184501846}},{"type":"Feature","geometry":{"type":"Point","coordinates":[-76.55264565940753,3.422327776846364]},"properties":{"externalId":"msft-cali-4178705","damageLevel":"dano","rawLabel":"damaged","fieldValidated":false,"rawEventCode":null,"modelScore":0.387360594795539}},{"type":"Feature","geometry":{"type":"Point","coordinates":[-76.55705346383544,3.42643646867265]},"properties":{"externalId":"msft-cali-4180503","damageLevel":"dano","rawLabel":"damaged","fieldValidated":false,"rawEventCode":null,"modelScore":0.1523809523809524}},{"type":"Feature","geometry":{"type":"Point","coordinates":[-76.55708150486888,3.426536152781358]},"properties":{"externalId":"msft-cali-4180508","damageLevel":"dano","rawLabel":"damaged","fieldValidated":false,"rawEventCode":null,"modelScore":0.2127659574468085}},{"type":"Feature","geometry":{"type":"Point","coordinates":[-76.55725557066827,3.422519399603491]},"properties":{"externalId":"msft-cali-4180737","damageLevel":"dano","rawLabel":"damaged","fieldValidated":false,"rawEventCode":null,"modelScore":0.14883720930232558}},{"type":"Feature","geometry":{"type":"Point","coordinates":[-76.5579524634999,3.424247753499062]},"properties":{"externalId":"msft-cali-4180781","damageLevel":"dano","rawLabel":"damaged","fieldValidated":false,"rawEventCode":null,"modelScore":0.2860696517412935}},{"type":"Feature","geometry":{"type":"Point","coordinates":[-76.55788948150023,3.424165725500119]},"properties":{"externalId":"msft-cali-4180783","damageLevel":"dano","rawLabel":"damaged","fieldValidated":false,"rawEventCode":null,"modelScore":0.5093167701863354}},{"type":"Feature","geometry":{"type":"Point","coordinates":[-76.5578808685647,3.424256195766159]},"properties":{"externalId":"msft-cali-4180784","damageLevel":"dano","rawLabel":"damaged","fieldValidated":false,"rawEventCode":null,"modelScore":0.7685714285714286}},{"type":"Feature","geometry":{"type":"Point","coordinates":[-76.55864480300026,3.424118224500596]},"properties":{"externalId":"msft-cali-4181005","damageLevel":"dano","rawLabel":"damaged","fieldValidated":false,"rawEventCode":null,"modelScore":0.13333333333333333}},{"type":"Feature","geometry":{"type":"Point","coordinates":[-76.55846286449948,3.420775372500323]},"properties":{"externalId":"msft-cali-4183197","damageLevel":"dano","rawLabel":"damaged","fieldValidated":false,"rawEventCode":null,"modelScore":1.0}},{"type":"Feature","geometry":{"type":"Point","coordinates":[-76.5584972908373,3.42075751232787]},"properties":{"externalId":"msft-cali-4183213","damageLevel":"dano","rawLabel":"damaged","fieldValidated":false,"rawEventCode":null,"modelScore":0.9819819819819819}},{"type":"Feature","geometry":{"type":"Point","coordinates":[-76.55809454050018,3.420773501500366]},"properties":{"externalId":"msft-cali-4183596","damageLevel":"dano","rawLabel":"damaged","fieldValidated":false,"rawEventCode":null,"modelScore":0.9}},{"type":"Feature","geometry":{"type":"Point","coordinates":[-76.55804211450074,3.420824501500068]},"properties":{"externalId":"msft-cali-4183619","damageLevel":"dano","rawLabel":"damaged","fieldValidated":false,"rawEventCode":null,"modelScore":0.211864406779661}},{"type":"Feature","geometry":{"type":"Point","coordinates":[-76.56074131357738,3.415800358610401]},"properties":{"externalId":"msft-cali-4184566","damageLevel":"dano","rawLabel":"damaged","fieldValidated":false,"rawEventCode":null,"modelScore":0.273224043715847}},{"type":"Feature","geometry":{"type":"Point","coordinates":[-76.56064080650009,3.415635115500113]},"properties":{"externalId":"msft-cali-4184571","damageLevel":"dano","rawLabel":"damaged","fieldValidated":false,"rawEventCode":null,"modelScore":0.9861111111111112}},{"type":"Feature","geometry":{"type":"Point","coordinates":[-76.56285658567458,3.41930602292858]},"properties":{"externalId":"msft-cali-4186523","damageLevel":"dano","rawLabel":"damaged","fieldValidated":false,"rawEventCode":null,"modelScore":0.25}},{"type":"Feature","geometry":{"type":"Point","coordinates":[-76.5629176472138,3.419366755614543]},"properties":{"externalId":"msft-cali-4186551","damageLevel":"dano","rawLabel":"damaged","fieldValidated":false,"rawEventCode":null,"modelScore":0.2926829268292683}},{"type":"Feature","geometry":{"type":"Point","coordinates":[-76.56420094076039,3.418035762566753]},"properties":{"externalId":"msft-cali-4186876","damageLevel":"dano","rawLabel":"damaged","fieldValidated":false,"rawEventCode":null,"modelScore":0.45652173913043476}},{"type":"Feature","geometry":{"type":"Point","coordinates":[-76.56414642650088,3.417974436000975]},"properties":{"externalId":"msft-cali-4186903","damageLevel":"dano","rawLabel":"damaged","fieldValidated":false,"rawEventCode":null,"modelScore":0.14935064935064934}},{"type":"Feature","geometry":{"type":"Point","coordinates":[-76.56414236073762,3.418039198332251]},"properties":{"externalId":"msft-cali-4186907","damageLevel":"dano","rawLabel":"damaged","fieldValidated":false,"rawEventCode":null,"modelScore":1.0}},{"type":"Feature","geometry":{"type":"Point","coordinates":[-76.56140075850017,3.415698589000448]},"properties":{"externalId":"msft-cali-4187452","damageLevel":"dano","rawLabel":"damaged","fieldValidated":false,"rawEventCode":null,"modelScore":0.14736842105263157}},{"type":"Feature","geometry":{"type":"Point","coordinates":[-76.56145088450063,3.415632291001036]},"properties":{"externalId":"msft-cali-4187655","damageLevel":"dano","rawLabel":"damaged","fieldValidated":false,"rawEventCode":null,"modelScore":0.9250871080139372}},{"type":"Feature","geometry":{"type":"Point","coordinates":[-76.5645746645002,3.423531936000665]},"properties":{"externalId":"msft-cali-4189545","damageLevel":"dano","rawLabel":"damaged","fieldValidated":false,"rawEventCode":null,"modelScore":0.1781609195402299}},{"type":"Feature","geometry":{"type":"Point","coordinates":[-76.5652909545001,3.424115608001429]},"properties":{"externalId":"msft-cali-4189718","damageLevel":"dano","rawLabel":"damaged","fieldValidated":false,"rawEventCode":null,"modelScore":0.12053571428571429}},{"type":"Feature","geometry":{"type":"Point","coordinates":[-76.55598920719683,3.427223059290445]},"properties":{"externalId":"msft-cali-4190114","damageLevel":"dano","rawLabel":"damaged","fieldValidated":false,"rawEventCode":null,"modelScore":0.49612403100775193}},{"type":"Feature","geometry":{"type":"Point","coordinates":[-76.55599096136213,3.427167981989662]},"properties":{"externalId":"msft-cali-4190115","damageLevel":"dano","rawLabel":"damaged","fieldValidated":false,"rawEventCode":null,"modelScore":0.45251396648044695}},{"type":"Feature","geometry":{"type":"Point","coordinates":[-76.5559762605846,3.427087947015498]},"properties":{"externalId":"msft-cali-4190126","damageLevel":"dano","rawLabel":"damaged","fieldValidated":false,"rawEventCode":null,"modelScore":0.17571059431524547}},{"type":"Feature","geometry":{"type":"Point","coordinates":[-76.56546391750003,3.416138317000853]},"properties":{"externalId":"msft-cali-4192454","damageLevel":"dano","rawLabel":"damaged","fieldValidated":false,"rawEventCode":null,"modelScore":0.5738636363636364}},{"type":"Feature","geometry":{"type":"Point","coordinates":[-76.56550830948841,3.416179511837621]},"properties":{"externalId":"msft-cali-4192458","damageLevel":"dano","rawLabel":"damaged","fieldValidated":false,"rawEventCode":null,"modelScore":0.40404040404040403}},{"type":"Feature","geometry":{"type":"Point","coordinates":[-76.56621017877625,3.42041518537964]},"properties":{"externalId":"msft-cali-4192464","damageLevel":"dano","rawLabel":"damaged","fieldValidated":false,"rawEventCode":null,"modelScore":0.11217948717948718}},{"type":"Feature","geometry":{"type":"Point","coordinates":[-76.56622860083176,3.420504053192156]},"properties":{"externalId":"msft-cali-4192466","damageLevel":"dano","rawLabel":"damaged","fieldValidated":false,"rawEventCode":null,"modelScore":0.39080459770114945}},{"type":"Feature","geometry":{"type":"Point","coordinates":[-76.56617336637966,3.420517548792792]},"properties":{"externalId":"msft-cali-4192467","damageLevel":"dano","rawLabel":"damaged","fieldValidated":false,"rawEventCode":null,"modelScore":1.0}},{"type":"Feature","geometry":{"type":"Point","coordinates":[-76.56611405699961,3.420549893000202]},"properties":{"externalId":"msft-cali-4192470","damageLevel":"dano","rawLabel":"damaged","fieldValidated":false,"rawEventCode":null,"modelScore":0.6220095693779905}},{"type":"Feature","geometry":{"type":"Point","coordinates":[-76.56619151550022,3.420584051000318]},"properties":{"externalId":"msft-cali-4192471","damageLevel":"dano","rawLabel":"damaged","fieldValidated":false,"rawEventCode":null,"modelScore":1.0}},{"type":"Feature","geometry":{"type":"Point","coordinates":[-76.5662191656305,3.420631892237453]},"properties":{"externalId":"msft-cali-4192483","damageLevel":"dano","rawLabel":"damaged","fieldValidated":false,"rawEventCode":null,"modelScore":0.23684210526315788}},{"type":"Feature","geometry":{"type":"Point","coordinates":[-76.4997865761627,3.447253821961703]},"properties":{"externalId":"msft-cali-4207139","damageLevel":"dano","rawLabel":"damaged","fieldValidated":false,"rawEventCode":null,"modelScore":0.1592356687898089}},{"type":"Feature","geometry":{"type":"Point","coordinates":[-76.49956483461393,3.445346424268806]},"properties":{"externalId":"msft-cali-4207344","damageLevel":"dano","rawLabel":"damaged","fieldValidated":false,"rawEventCode":null,"modelScore":0.3159379407616361}},{"type":"Feature","geometry":{"type":"Point","coordinates":[-76.5058656583351,3.419964419019887]},"properties":{"externalId":"msft-cali-4207992","damageLevel":"dano","rawLabel":"damaged","fieldValidated":false,"rawEventCode":null,"modelScore":0.22705314009661837}},{"type":"Feature","geometry":{"type":"Point","coordinates":[-76.50856594919651,3.418444789790597]},"properties":{"externalId":"msft-cali-4208294","damageLevel":"dano","rawLabel":"damaged","fieldValidated":false,"rawEventCode":null,"modelScore":0.3557692307692308}},{"type":"Feature","geometry":{"type":"Point","coordinates":[-76.50851757049905,3.418460182501181]},"properties":{"externalId":"msft-cali-4208295","damageLevel":"dano","rawLabel":"damaged","fieldValidated":false,"rawEventCode":null,"modelScore":1.0}},{"type":"Feature","geometry":{"type":"Point","coordinates":[-76.50848072087558,3.418509827616827]},"properties":{"externalId":"msft-cali-4208296","damageLevel":"dano","rawLabel":"damaged","fieldValidated":false,"rawEventCode":null,"modelScore":0.6484641638225256}},{"type":"Feature","geometry":{"type":"Point","coordinates":[-76.49707504751525,3.447741551453797]},"properties":{"externalId":"msft-cali-4209027","damageLevel":"dano","rawLabel":"damaged","fieldValidated":false,"rawEventCode":null,"modelScore":0.26763110307414106}},{"type":"Feature","geometry":{"type":"Point","coordinates":[-76.51039072317496,3.428332554049853]},"properties":{"externalId":"msft-cali-4212273","damageLevel":"dano","rawLabel":"damaged","fieldValidated":false,"rawEventCode":null,"modelScore":0.15815815815815815}},{"type":"Feature","geometry":{"type":"Point","coordinates":[-76.50997435400132,3.427661555502061]},"properties":{"externalId":"msft-cali-4212568","damageLevel":"dano","rawLabel":"damaged","fieldValidated":false,"rawEventCode":null,"modelScore":0.43184421534937}},{"type":"Feature","geometry":{"type":"Point","coordinates":[-76.49818289784073,3.423588139262915]},"properties":{"externalId":"msft-cali-4214911","damageLevel":"dano","rawLabel":"damaged","fieldValidated":false,"rawEventCode":null,"modelScore":0.3359683794466403}},{"type":"Feature","geometry":{"type":"Point","coordinates":[-76.49825515584486,3.423619061765806]},"properties":{"externalId":"msft-cali-4214914","damageLevel":"dano","rawLabel":"damaged","fieldValidated":false,"rawEventCode":null,"modelScore":0.15489130434782608}},{"type":"Feature","geometry":{"type":"Point","coordinates":[-76.50518848280024,3.43617961512785]},"properties":{"externalId":"msft-cali-4215194","damageLevel":"dano","rawLabel":"damaged","fieldValidated":false,"rawEventCode":null,"modelScore":0.1258741258741259}},{"type":"Feature","geometry":{"type":"Point","coordinates":[-76.50498833449728,3.432600852499723]},"properties":{"externalId":"msft-cali-4215815","damageLevel":"dano","rawLabel":"damaged","fieldValidated":false,"rawEventCode":null,"modelScore":0.1309823677581864}},{"type":"Feature","geometry":{"type":"Point","coordinates":[-76.50900283351213,3.433781185507407]},"properties":{"externalId":"msft-cali-4216465","damageLevel":"dano","rawLabel":"damaged","fieldValidated":false,"rawEventCode":null,"modelScore":0.11947318908748825}},{"type":"Feature","geometry":{"type":"Point","coordinates":[-76.49686974999817,3.426637549997162]},"properties":{"externalId":"msft-cali-4220161","damageLevel":"dano","rawLabel":"damaged","fieldValidated":false,"rawEventCode":null,"modelScore":0.6846394984326019}},{"type":"Feature","geometry":{"type":"Point","coordinates":[-76.49629503789347,3.439039060412839]},"properties":{"externalId":"msft-cali-4226847","damageLevel":"dano","rawLabel":"damaged","fieldValidated":false,"rawEventCode":null,"modelScore":0.2334293948126801}},{"type":"Feature","geometry":{"type":"Point","coordinates":[-76.5124899086543,3.423257088135047]},"properties":{"externalId":"msft-cali-4227561","damageLevel":"dano","rawLabel":"damaged","fieldValidated":false,"rawEventCode":null,"modelScore":0.1717557251908397}},{"type":"Feature","geometry":{"type":"Point","coordinates":[-76.51292606799943,3.422633121496744]},"properties":{"externalId":"msft-cali-4228311","damageLevel":"dano","rawLabel":"damaged","fieldValidated":false,"rawEventCode":null,"modelScore":0.10968102965864578}},{"type":"Feature","geometry":{"type":"Point","coordinates":[-76.51421292250217,3.421330919003919]},"properties":{"externalId":"msft-cali-4228383","damageLevel":"dano","rawLabel":"damaged","fieldValidated":false,"rawEventCode":null,"modelScore":0.1771523178807947}},{"type":"Feature","geometry":{"type":"Point","coordinates":[-76.51247302375789,3.448071451090115]},"properties":{"externalId":"msft-cali-4230939","damageLevel":"dano","rawLabel":"damaged","fieldValidated":false,"rawEventCode":null,"modelScore":0.43679599499374216}},{"type":"Feature","geometry":{"type":"Point","coordinates":[-76.51249142179294,3.448194259003543]},"properties":{"externalId":"msft-cali-4230942","damageLevel":"dano","rawLabel":"damaged","fieldValidated":false,"rawEventCode":null,"modelScore":0.17772511848341233}},{"type":"Feature","geometry":{"type":"Point","coordinates":[-76.5119340000046,3.446310350005731]},"properties":{"externalId":"msft-cali-4231401","damageLevel":"dano","rawLabel":"damaged","fieldValidated":false,"rawEventCode":null,"modelScore":0.11228070175438597}},{"type":"Feature","geometry":{"type":"Point","coordinates":[-76.50653637207037,3.426843227570092]},"properties":{"externalId":"msft-cali-4232593","damageLevel":"dano","rawLabel":"damaged","fieldValidated":false,"rawEventCode":null,"modelScore":0.9259259259259259}},{"type":"Feature","geometry":{"type":"Point","coordinates":[-76.5017259290922,3.447292247095708]},"properties":{"externalId":"msft-cali-4240961","damageLevel":"dano","rawLabel":"damaged","fieldValidated":false,"rawEventCode":null,"modelScore":0.22679814385150812}},{"type":"Feature","geometry":{"type":"Point","coordinates":[-76.50386668366546,3.434836363504875]},"properties":{"externalId":"msft-cali-4241755","damageLevel":"dano","rawLabel":"damaged","fieldValidated":false,"rawEventCode":null,"modelScore":0.6515151515151515}},{"type":"Feature","geometry":{"type":"Point","coordinates":[-76.50095244655485,3.435296378847152]},"properties":{"externalId":"msft-cali-4242184","damageLevel":"dano","rawLabel":"damaged","fieldValidated":false,"rawEventCode":null,"modelScore":0.19469026548672566}},{"type":"Feature","geometry":{"type":"Point","coordinates":[-76.50293695769457,3.418917029794481]},"properties":{"externalId":"msft-cali-4243881","damageLevel":"dano","rawLabel":"damaged","fieldValidated":false,"rawEventCode":null,"modelScore":0.7825520833333334}},{"type":"Feature","geometry":{"type":"Point","coordinates":[-76.50311852098194,3.425744163437331]},"properties":{"externalId":"msft-cali-4244827","damageLevel":"dano","rawLabel":"damaged","fieldValidated":false,"rawEventCode":null,"modelScore":0.3189102564102564}},{"type":"Feature","geometry":{"type":"Point","coordinates":[-76.5139347347765,3.430357717345531]},"properties":{"externalId":"msft-cali-4251067","damageLevel":"dano","rawLabel":"damaged","fieldValidated":false,"rawEventCode":null,"modelScore":0.16646115906288533}},{"type":"Feature","geometry":{"type":"Point","coordinates":[-76.50758849564049,3.444063010396562]},"properties":{"externalId":"msft-cali-4252107","damageLevel":"dano","rawLabel":"damaged","fieldValidated":false,"rawEventCode":null,"modelScore":0.5581395348837209}},{"type":"Feature","geometry":{"type":"Point","coordinates":[-76.51241814446541,3.417184806759673]},"properties":{"externalId":"msft-cali-4256782","damageLevel":"dano","rawLabel":"damaged","fieldValidated":false,"rawEventCode":null,"modelScore":0.42429906542056073}},{"type":"Feature","geometry":{"type":"Point","coordinates":[-76.51188462800005,3.438425327000098]},"properties":{"externalId":"msft-cali-4257598","damageLevel":"dano","rawLabel":"damaged","fieldValidated":false,"rawEventCode":null,"modelScore":0.5254237288135594}},{"type":"Feature","geometry":{"type":"Point","coordinates":[-76.5119127646724,3.438480163049363]},"properties":{"externalId":"msft-cali-4258256","damageLevel":"dano","rawLabel":"damaged","fieldValidated":false,"rawEventCode":null,"modelScore":0.31881533101045295}},{"type":"Feature","geometry":{"type":"Point","coordinates":[-76.51182434949986,3.438511332833782]},"properties":{"externalId":"msft-cali-4258260","damageLevel":"dano","rawLabel":"damaged","fieldValidated":false,"rawEventCode":null,"modelScore":0.32038834951456313}},{"type":"Feature","geometry":{"type":"Point","coordinates":[-76.50824590316074,3.426182587824833]},"properties":{"externalId":"msft-cali-4258614","damageLevel":"dano","rawLabel":"damaged","fieldValidated":false,"rawEventCode":null,"modelScore":0.10422535211267606}},{"type":"Feature","geometry":{"type":"Point","coordinates":[-76.50885922784178,3.425912934238294]},"properties":{"externalId":"msft-cali-4258958","damageLevel":"dano","rawLabel":"damaged","fieldValidated":false,"rawEventCode":null,"modelScore":0.2017167381974249}},{"type":"Feature","geometry":{"type":"Point","coordinates":[-76.49017195637403,3.420718412589142]},"properties":{"externalId":"msft-cali-4259868","damageLevel":"dano","rawLabel":"damaged","fieldValidated":false,"rawEventCode":null,"modelScore":0.2579185520361991}},{"type":"Feature","geometry":{"type":"Point","coordinates":[-76.49012746085003,3.420794947190645]},"properties":{"externalId":"msft-cali-4259872","damageLevel":"dano","rawLabel":"damaged","fieldValidated":false,"rawEventCode":null,"modelScore":0.8103448275862069}},{"type":"Feature","geometry":{"type":"Point","coordinates":[-76.49232844991347,3.429766457293454]},"properties":{"externalId":"msft-cali-4269444","damageLevel":"dano","rawLabel":"damaged","fieldValidated":false,"rawEventCode":null,"modelScore":0.9375}},{"type":"Feature","geometry":{"type":"Point","coordinates":[-76.49229689299945,3.429705770999727]},"properties":{"externalId":"msft-cali-4269465","damageLevel":"dano","rawLabel":"damaged","fieldValidated":false,"rawEventCode":null,"modelScore":0.46786632390745503}},{"type":"Feature","geometry":{"type":"Point","coordinates":[-76.4930774785001,3.430438817000107]},"properties":{"externalId":"msft-cali-4269623","damageLevel":"dano","rawLabel":"damaged","fieldValidated":false,"rawEventCode":null,"modelScore":0.136986301369863}},{"type":"Feature","geometry":{"type":"Point","coordinates":[-76.49272857516254,3.430445580762279]},"properties":{"externalId":"msft-cali-4269798","damageLevel":"dano","rawLabel":"damaged","fieldValidated":false,"rawEventCode":null,"modelScore":0.6587837837837838}},{"type":"Feature","geometry":{"type":"Point","coordinates":[-76.49285867140996,3.428460597616036]},"properties":{"externalId":"msft-cali-4270092","damageLevel":"dano","rawLabel":"damaged","fieldValidated":false,"rawEventCode":null,"modelScore":0.12080536912751678}},{"type":"Feature","geometry":{"type":"Point","coordinates":[-76.4923296319885,3.427812127669413]},"properties":{"externalId":"msft-cali-4270333","damageLevel":"dano","rawLabel":"damaged","fieldValidated":false,"rawEventCode":null,"modelScore":0.40016570008285}},{"type":"Feature","geometry":{"type":"Point","coordinates":[-76.49225749802027,3.427963457334226]},"properties":{"externalId":"msft-cali-4270336","damageLevel":"dano","rawLabel":"damaged","fieldValidated":false,"rawEventCode":null,"modelScore":0.16304347826086957}},{"type":"Feature","geometry":{"type":"Point","coordinates":[-76.49234532972265,3.427715586334807]},"properties":{"externalId":"msft-cali-4270343","damageLevel":"dano","rawLabel":"damaged","fieldValidated":false,"rawEventCode":null,"modelScore":0.11764705882352941}},{"type":"Feature","geometry":{"type":"Point","coordinates":[-76.4922105548331,3.427920183499652]},"properties":{"externalId":"msft-cali-4270348","damageLevel":"dano","rawLabel":"damaged","fieldValidated":false,"rawEventCode":null,"modelScore":0.726027397260274}},{"type":"Feature","geometry":{"type":"Point","coordinates":[-76.49215409258467,3.427848875362969]},"properties":{"externalId":"msft-cali-4270351","damageLevel":"dano","rawLabel":"damaged","fieldValidated":false,"rawEventCode":null,"modelScore":0.6428571428571429}},{"type":"Feature","geometry":{"type":"Point","coordinates":[-76.48949931049918,3.440218509501971]},"properties":{"externalId":"msft-cali-4271046","damageLevel":"dano","rawLabel":"damaged","fieldValidated":false,"rawEventCode":null,"modelScore":0.7376425855513308}},{"type":"Feature","geometry":{"type":"Point","coordinates":[-76.48913267894653,3.440640641813781]},"properties":{"externalId":"msft-cali-4271067","damageLevel":"dano","rawLabel":"damaged","fieldValidated":false,"rawEventCode":null,"modelScore":0.6268221574344023}},{"type":"Feature","geometry":{"type":"Point","coordinates":[-76.48939338999953,3.440157777502164]},"properties":{"externalId":"msft-cali-4271222","damageLevel":"dano","rawLabel":"damaged","fieldValidated":false,"rawEventCode":null,"modelScore":0.34977578475336324}},{"type":"Feature","geometry":{"type":"Point","coordinates":[-76.48048687338176,3.431835103202025]},"properties":{"externalId":"msft-cali-4272010","damageLevel":"dano","rawLabel":"damaged","fieldValidated":false,"rawEventCode":null,"modelScore":0.22083333333333333}},{"type":"Feature","geometry":{"type":"Point","coordinates":[-76.47812910595631,3.430031762824302]},"properties":{"externalId":"msft-cali-4272205","damageLevel":"dano","rawLabel":"damaged","fieldValidated":false,"rawEventCode":null,"modelScore":0.4756944444444444}},{"type":"Feature","geometry":{"type":"Point","coordinates":[-76.47958485774821,3.424817960915793]},"properties":{"externalId":"msft-cali-4272259","damageLevel":"dano","rawLabel":"damaged","fieldValidated":false,"rawEventCode":null,"modelScore":0.103}},{"type":"Feature","geometry":{"type":"Point","coordinates":[-76.48186344319356,3.432249778888555]},"properties":{"externalId":"msft-cali-4273354","damageLevel":"dano","rawLabel":"damaged","fieldValidated":false,"rawEventCode":null,"modelScore":0.25225225225225223}},{"type":"Feature","geometry":{"type":"Point","coordinates":[-76.4860758986799,3.425666293246377]},"properties":{"externalId":"msft-cali-4275930","damageLevel":"dano","rawLabel":"damaged","fieldValidated":false,"rawEventCode":null,"modelScore":0.8421052631578947}},{"type":"Feature","geometry":{"type":"Point","coordinates":[-76.47939687369814,3.423748518610969]},"properties":{"externalId":"msft-cali-4276637","damageLevel":"dano","rawLabel":"damaged","fieldValidated":false,"rawEventCode":null,"modelScore":0.4106666666666667}},{"type":"Feature","geometry":{"type":"Point","coordinates":[-76.47932966124644,3.42373150530929]},"properties":{"externalId":"msft-cali-4276641","damageLevel":"dano","rawLabel":"damaged","fieldValidated":false,"rawEventCode":null,"modelScore":0.34791252485089463}},{"type":"Feature","geometry":{"type":"Point","coordinates":[-76.47906170649907,3.422506565998781]},"properties":{"externalId":"msft-cali-4277446","damageLevel":"dano","rawLabel":"damaged","fieldValidated":false,"rawEventCode":null,"modelScore":0.512987012987013}},{"type":"Feature","geometry":{"type":"Point","coordinates":[-76.47752300799905,3.418910016998827]},"properties":{"externalId":"msft-cali-4280498","damageLevel":"dano","rawLabel":"damaged","fieldValidated":false,"rawEventCode":null,"modelScore":0.17801047120418848}},{"type":"Feature","geometry":{"type":"Point","coordinates":[-76.47630816181365,3.449755215776612]},"properties":{"externalId":"msft-cali-4281268","damageLevel":"dano","rawLabel":"damaged","fieldValidated":false,"rawEventCode":null,"modelScore":0.673469387755102}},{"type":"Feature","geometry":{"type":"Point","coordinates":[-76.47623299600072,3.44977074100071]},"properties":{"externalId":"msft-cali-4281269","damageLevel":"dano","rawLabel":"damaged","fieldValidated":false,"rawEventCode":null,"modelScore":0.13812154696132597}},{"type":"Feature","geometry":{"type":"Point","coordinates":[-76.48179860128153,3.432235093408578]},"properties":{"externalId":"msft-cali-4284932","damageLevel":"dano","rawLabel":"damaged","fieldValidated":false,"rawEventCode":null,"modelScore":0.4787234042553192}},{"type":"Feature","geometry":{"type":"Point","coordinates":[-76.48188052100006,3.432320770000074]},"properties":{"externalId":"msft-cali-4285097","damageLevel":"dano","rawLabel":"damaged","fieldValidated":false,"rawEventCode":null,"modelScore":1.0}},{"type":"Feature","geometry":{"type":"Point","coordinates":[-76.48194203821251,3.432320574023926]},"properties":{"externalId":"msft-cali-4285111","damageLevel":"dano","rawLabel":"damaged","fieldValidated":false,"rawEventCode":null,"modelScore":0.1534526854219949}},{"type":"Feature","geometry":{"type":"Point","coordinates":[-76.48423028599994,3.432903795499952]},"properties":{"externalId":"msft-cali-4285397","damageLevel":"dano","rawLabel":"damaged","fieldValidated":false,"rawEventCode":null,"modelScore":0.11235955056179775}},{"type":"Feature","geometry":{"type":"Point","coordinates":[-76.48666122674928,3.414991766578933]},"properties":{"externalId":"msft-cali-4286724","damageLevel":"dano","rawLabel":"damaged","fieldValidated":false,"rawEventCode":null,"modelScore":0.8963730569948186}},{"type":"Feature","geometry":{"type":"Point","coordinates":[-76.48656828687608,3.414956696384065]},"properties":{"externalId":"msft-cali-4286748","damageLevel":"dano","rawLabel":"damaged","fieldValidated":false,"rawEventCode":null,"modelScore":0.2222222222222222}},{"type":"Feature","geometry":{"type":"Point","coordinates":[-76.48670708849987,3.414986158500424]},"properties":{"externalId":"msft-cali-4286754","damageLevel":"dano","rawLabel":"damaged","fieldValidated":false,"rawEventCode":null,"modelScore":0.125}},{"type":"Feature","geometry":{"type":"Point","coordinates":[-76.4865857364999,3.431391880501039]},"properties":{"externalId":"msft-cali-4287681","damageLevel":"dano","rawLabel":"damaged","fieldValidated":false,"rawEventCode":null,"modelScore":0.37628865979381443}},{"type":"Feature","geometry":{"type":"Point","coordinates":[-76.48650067033972,3.431348708010227]},"properties":{"externalId":"msft-cali-4287684","damageLevel":"dano","rawLabel":"damaged","fieldValidated":false,"rawEventCode":null,"modelScore":0.9548611111111112}},{"type":"Feature","geometry":{"type":"Point","coordinates":[-76.48652064120687,3.431417687371642]},"properties":{"externalId":"msft-cali-4287712","damageLevel":"dano","rawLabel":"damaged","fieldValidated":false,"rawEventCode":null,"modelScore":0.7301587301587301}},{"type":"Feature","geometry":{"type":"Point","coordinates":[-76.48660608749982,3.414991991500399]},"properties":{"externalId":"msft-cali-4288116","damageLevel":"dano","rawLabel":"damaged","fieldValidated":false,"rawEventCode":null,"modelScore":0.9852941176470589}},{"type":"Feature","geometry":{"type":"Point","coordinates":[-76.48661334414025,3.415059104425945]},"properties":{"externalId":"msft-cali-4288121","damageLevel":"dano","rawLabel":"damaged","fieldValidated":false,"rawEventCode":null,"modelScore":0.6282051282051282}},{"type":"Feature","geometry":{"type":"Point","coordinates":[-76.48655330649872,3.415064026001212]},"properties":{"externalId":"msft-cali-4288141","damageLevel":"dano","rawLabel":"damaged","fieldValidated":false,"rawEventCode":null,"modelScore":0.4117647058823529}},{"type":"Feature","geometry":{"type":"Point","coordinates":[-76.48661326577029,3.415112764137968]},"properties":{"externalId":"msft-cali-4288145","damageLevel":"dano","rawLabel":"damaged","fieldValidated":false,"rawEventCode":null,"modelScore":0.2826086956521739}},{"type":"Feature","geometry":{"type":"Point","coordinates":[-76.48799816471058,3.415981830777876]},"properties":{"externalId":"msft-cali-4288910","damageLevel":"dano","rawLabel":"damaged","fieldValidated":false,"rawEventCode":null,"modelScore":0.11013215859030837}},{"type":"Feature","geometry":{"type":"Point","coordinates":[-76.48811874534978,3.416023511064202]},"properties":{"externalId":"msft-cali-4288926","damageLevel":"dano","rawLabel":"damaged","fieldValidated":false,"rawEventCode":null,"modelScore":0.19924098671726756}},{"type":"Feature","geometry":{"type":"Point","coordinates":[-76.4870603174998,3.435072118500153]},"properties":{"externalId":"msft-cali-4289118","damageLevel":"dano","rawLabel":"damaged","fieldValidated":false,"rawEventCode":null,"modelScore":0.25}},{"type":"Feature","geometry":{"type":"Point","coordinates":[-76.487323648184,3.434854929415498]},"properties":{"externalId":"msft-cali-4289232","damageLevel":"dano","rawLabel":"damaged","fieldValidated":false,"rawEventCode":null,"modelScore":0.3333333333333333}},{"type":"Feature","geometry":{"type":"Point","coordinates":[-76.48727529583772,3.434737047439551]},"properties":{"externalId":"msft-cali-4289238","damageLevel":"dano","rawLabel":"damaged","fieldValidated":false,"rawEventCode":null,"modelScore":0.42592592592592593}},{"type":"Feature","geometry":{"type":"Point","coordinates":[-76.48812861350022,3.434980051500105]},"properties":{"externalId":"msft-cali-4289244","damageLevel":"dano","rawLabel":"damaged","fieldValidated":false,"rawEventCode":null,"modelScore":0.4090909090909091}},{"type":"Feature","geometry":{"type":"Point","coordinates":[-76.48683874812627,3.435587303194716]},"properties":{"externalId":"msft-cali-4289408","damageLevel":"dano","rawLabel":"damaged","fieldValidated":false,"rawEventCode":null,"modelScore":0.21628498727735368}},{"type":"Feature","geometry":{"type":"Point","coordinates":[-76.48677366642947,3.435601118318648]},"properties":{"externalId":"msft-cali-4289410","damageLevel":"dano","rawLabel":"damaged","fieldValidated":false,"rawEventCode":null,"modelScore":0.29545454545454547}},{"type":"Feature","geometry":{"type":"Point","coordinates":[-76.48855379284375,3.430529874515995]},"properties":{"externalId":"msft-cali-4290159","damageLevel":"dano","rawLabel":"damaged","fieldValidated":false,"rawEventCode":null,"modelScore":0.8236658932714617}},{"type":"Feature","geometry":{"type":"Point","coordinates":[-76.48854752163793,3.430587626474791]},"properties":{"externalId":"msft-cali-4290160","damageLevel":"dano","rawLabel":"damaged","fieldValidated":false,"rawEventCode":null,"modelScore":0.5219941348973607}},{"type":"Feature","geometry":{"type":"Point","coordinates":[-76.48822116550011,3.430718547000386]},"properties":{"externalId":"msft-cali-4290344","damageLevel":"dano","rawLabel":"damaged","fieldValidated":false,"rawEventCode":null,"modelScore":0.5337423312883436}},{"type":"Feature","geometry":{"type":"Point","coordinates":[-76.48925087650113,3.422723348499672]},"properties":{"externalId":"msft-cali-4294886","damageLevel":"dano","rawLabel":"damaged","fieldValidated":false,"rawEventCode":null,"modelScore":0.41134751773049644}},{"type":"Feature","geometry":{"type":"Point","coordinates":[-76.4891978140005,3.422679995000292]},"properties":{"externalId":"msft-cali-4294887","damageLevel":"dano","rawLabel":"damaged","fieldValidated":false,"rawEventCode":null,"modelScore":0.2653061224489796}},{"type":"Feature","geometry":{"type":"Point","coordinates":[-76.4892849435884,3.42261404573278]},"properties":{"externalId":"msft-cali-4294899","damageLevel":"dano","rawLabel":"damaged","fieldValidated":false,"rawEventCode":null,"modelScore":0.918918918918919}},{"type":"Feature","geometry":{"type":"Point","coordinates":[-76.49344861694783,3.447188843174027]},"properties":{"externalId":"msft-cali-4300247","damageLevel":"dano","rawLabel":"damaged","fieldValidated":false,"rawEventCode":null,"modelScore":0.4292114695340502}},{"type":"Feature","geometry":{"type":"Point","coordinates":[-76.49353140028913,3.447275102972982]},"properties":{"externalId":"msft-cali-4300248","damageLevel":"dano","rawLabel":"damaged","fieldValidated":false,"rawEventCode":null,"modelScore":0.15033557046979865}},{"type":"Feature","geometry":{"type":"Point","coordinates":[-76.49287177949824,3.424903452002681]},"properties":{"externalId":"msft-cali-4305371","damageLevel":"dano","rawLabel":"damaged","fieldValidated":false,"rawEventCode":null,"modelScore":0.40401785714285715}},{"type":"Feature","geometry":{"type":"Point","coordinates":[-76.49283949599786,3.424941721502818]},"properties":{"externalId":"msft-cali-4305386","damageLevel":"dano","rawLabel":"damaged","fieldValidated":false,"rawEventCode":null,"modelScore":0.22813688212927757}},{"type":"Feature","geometry":{"type":"Point","coordinates":[-76.49392415949961,3.431324127000358]},"properties":{"externalId":"msft-cali-4306702","damageLevel":"dano","rawLabel":"damaged","fieldValidated":false,"rawEventCode":null,"modelScore":0.31117021276595747}},{"type":"Feature","geometry":{"type":"Point","coordinates":[-76.4947614670072,3.434436780849889]},"properties":{"externalId":"msft-cali-4306972","damageLevel":"dano","rawLabel":"damaged","fieldValidated":false,"rawEventCode":null,"modelScore":0.5623229461756374}},{"type":"Feature","geometry":{"type":"Point","coordinates":[-76.4946927739898,3.434424167698514]},"properties":{"externalId":"msft-cali-4306997","damageLevel":"dano","rawLabel":"damaged","fieldValidated":false,"rawEventCode":null,"modelScore":0.3231939163498099}},{"type":"Feature","geometry":{"type":"Point","coordinates":[-76.4961054005009,3.505674486501255]},"properties":{"externalId":"msft-cali-4360314","damageLevel":"dano","rawLabel":"damaged","fieldValidated":false,"rawEventCode":null,"modelScore":1.0}},{"type":"Feature","geometry":{"type":"Point","coordinates":[-76.49699085802472,3.447727513778384]},"properties":{"externalId":"msft-cali-4360556","damageLevel":"dano","rawLabel":"damaged","fieldValidated":false,"rawEventCode":null,"modelScore":0.1282051282051282}},{"type":"Feature","geometry":{"type":"Point","coordinates":[-76.49630143349985,3.50556161800135]},"properties":{"externalId":"msft-cali-4360902","damageLevel":"dano","rawLabel":"damaged","fieldValidated":false,"rawEventCode":null,"modelScore":1.0}},{"type":"Feature","geometry":{"type":"Point","coordinates":[-76.49649629289588,3.505692484378853]},"properties":{"externalId":"msft-cali-4360905","damageLevel":"dano","rawLabel":"damaged","fieldValidated":false,"rawEventCode":null,"modelScore":1.0}},{"type":"Feature","geometry":{"type":"Point","coordinates":[-76.49703872045797,3.498052890693742]},"properties":{"externalId":"msft-cali-4360995","damageLevel":"dano","rawLabel":"damaged","fieldValidated":false,"rawEventCode":null,"modelScore":0.957983193277311}},{"type":"Feature","geometry":{"type":"Point","coordinates":[-76.46140006550075,3.43214435150086]},"properties":{"externalId":"msft-cali-4362458","damageLevel":"dano","rawLabel":"damaged","fieldValidated":false,"rawEventCode":null,"modelScore":0.6962025316455697}},{"type":"Feature","geometry":{"type":"Point","coordinates":[-76.49225046449826,3.427881251502306]},"properties":{"externalId":"msft-cali-4367749","damageLevel":"dano","rawLabel":"damaged","fieldValidated":false,"rawEventCode":null,"modelScore":0.9162162162162162}},{"type":"Feature","geometry":{"type":"Point","coordinates":[-76.48679409509816,3.415274916685019]},"properties":{"externalId":"msft-cali-4368759","damageLevel":"dano","rawLabel":"damaged","fieldValidated":false,"rawEventCode":null,"modelScore":0.5546407185628742}},{"type":"Feature","geometry":{"type":"Point","coordinates":[-76.48803201530089,3.415957777206159]},"properties":{"externalId":"msft-cali-4368767","damageLevel":"dano","rawLabel":"damaged","fieldValidated":false,"rawEventCode":null,"modelScore":0.8493150684931506}},{"type":"Feature","geometry":{"type":"Point","coordinates":[-76.48850473169716,3.426490497672067]},"properties":{"externalId":"msft-cali-4368869","damageLevel":"dano","rawLabel":"damaged","fieldValidated":false,"rawEventCode":null,"modelScore":0.32671081677704195}},{"type":"Feature","geometry":{"type":"Point","coordinates":[-76.49027164048283,3.420829587990853]},"properties":{"externalId":"msft-cali-4369017","damageLevel":"dano","rawLabel":"damaged","fieldValidated":false,"rawEventCode":null,"modelScore":0.8479834539813857}},{"type":"Feature","geometry":{"type":"Point","coordinates":[-76.50828276432168,3.42608352719317]},"properties":{"externalId":"msft-cali-4370194","damageLevel":"dano","rawLabel":"damaged","fieldValidated":false,"rawEventCode":null,"modelScore":0.326171875}},{"type":"Feature","geometry":{"type":"Point","coordinates":[-76.51252859283674,3.417192927700943]},"properties":{"externalId":"msft-cali-4370669","damageLevel":"dano","rawLabel":"damaged","fieldValidated":false,"rawEventCode":null,"modelScore":0.1487303506650544}},{"type":"Feature","geometry":{"type":"Point","coordinates":[-76.50305179949902,3.425849179503902]},"properties":{"externalId":"msft-cali-4372780","damageLevel":"dano","rawLabel":"damaged","fieldValidated":false,"rawEventCode":null,"modelScore":0.3198757763975155}}]}
